Rk,Player,Age,Team,Pos,G,GS,MP,FG,FGA,FG%,3P,3PA,3P%,2P,2PA,2P%,eFG%,FT,FTA,FT%,ORB,DRB,TRB,AST,STL,BLK,TOV,PF,PTS,Awards,Player-additional
1,James Harden,30,HOU,SG,68,68,36.5,9.9,22.3,0.444,4.4,12.4,0.355,5.5,9.9,0.556,0.543,10.2,11.8,0.865,1,5.5,6.6,7.5,1.8,0.9,4.5,3.3,34.3,MVP-3ASNBA1,hardeja01
2,Bradley Beal,26,WAS,SG,57,57,36,10.4,22.9,0.455,3,8.4,0.353,7.4,14.4,0.515,0.52,6.8,8,0.842,0.9,3.3,4.2,6.1,1.2,0.4,3.4,2.2,30.5,,bealbr01
3,Damian Lillard,29,POR,PG,66,66,37.5,9.5,20.4,0.463,4.1,10.2,0.401,5.4,10.2,0.524,0.563,7,7.8,0.888,0.5,3.8,4.3,8,1.1,0.3,2.9,1.7,30,MVP-8ASNBA2,lillada01
4,Trae Young,21,ATL,PG,60,60,35.3,9.1,20.8,0.437,3.4,9.5,0.361,5.7,11.4,0.501,0.519,8,9.3,0.86,0.5,3.7,4.3,9.3,1.1,0.1,4.8,1.7,29.6,AS,youngtr01
5,Giannis Antetokounmpo,25,MIL,PF,63,63,30.4,10.9,19.7,0.553,1.4,4.7,0.304,9.5,15,0.631,0.589,6.3,10,0.633,2.2,11.4,13.6,5.6,1,1,3.7,3.1,29.5,MVP-1DPOY-1ASNBA1,antetgi01
6,Luka Dončić,20,DAL,PG,61,61,33.6,9.5,20.6,0.463,2.8,8.9,0.316,6.7,11.7,0.574,0.531,7,9.2,0.758,1.3,8.1,9.4,8.8,1,0.2,4.3,2.5,28.8,MVP-4ASNBA1,doncilu01
7,Kyrie Irving,27,BRK,PG,20,20,32.9,10,20.8,0.478,2.8,7.1,0.394,7.2,13.7,0.522,0.546,4.7,5.1,0.922,1.1,4.1,5.2,6.4,1.4,0.5,2.6,2.7,27.4,,irvinky01
8,Russell Westbrook,31,HOU,PG,57,57,35.9,10.6,22.5,0.472,1,3.7,0.258,9.6,18.7,0.514,0.493,5.1,6.7,0.763,1.8,6.2,7.9,7,1.6,0.4,4.5,3.5,27.2,ASNBA3,westbru01
9,Kawhi Leonard,28,LAC,SF,57,57,32.4,9.3,19.9,0.47,2.2,5.7,0.378,7.2,14.2,0.506,0.524,6.2,7.1,0.886,0.9,6.1,7.1,4.9,1.8,0.6,2.6,2,27.1,MVP-5DPOY-8ASNBA2,leonaka01
10,Devin Booker,23,PHO,SG,70,70,35.9,9,18.3,0.489,2,5.7,0.354,6.9,12.6,0.549,0.544,6.7,7.3,0.919,0.4,3.8,4.2,6.5,0.7,0.3,3.8,3,26.6,AS,bookede01
11,Karl-Anthony Towns,24,MIN,C,35,35,33.9,9,17.8,0.508,3.3,7.9,0.412,5.8,9.9,0.586,0.6,5.1,6.5,0.796,2.7,8.1,10.8,4.4,0.9,1.2,3.1,3.3,26.5,,townska01
12,Anthony Davis,26,LAL,PF,62,62,34.4,8.9,17.7,0.503,1.2,3.5,0.33,7.7,14.2,0.546,0.536,7.2,8.5,0.846,2.3,7,9.3,3.2,1.5,2.3,2.5,2.5,26.1,MVP-6DPOY-2ASNBA1,davisan02
13,Zach LaVine,24,CHI,SF,60,60,34.8,9,20,0.45,3.1,8.1,0.38,5.9,11.9,0.497,0.526,4.5,5.6,0.802,0.7,4.1,4.8,4.2,1.5,0.5,3.4,2.2,25.5,,lavinza01
14,LeBron James,35,LAL,PG,67,67,34.6,9.6,19.4,0.493,2.2,6.3,0.348,7.4,13.1,0.564,0.55,3.9,5.7,0.693,1,6.9,7.8,10.2,1.2,0.5,3.9,1.8,25.3,MVP-2ASNBA1,jamesle01
15,Donovan Mitchell,23,UTA,SG,69,69,34.3,8.7,19.4,0.449,2.5,6.9,0.366,6.2,12.6,0.494,0.513,4,4.7,0.863,0.8,3.6,4.4,4.3,1,0.2,2.7,2.5,24,AS,mitchdo01
16,Brandon Ingram,22,NOP,PF,62,62,33.9,8.2,17.7,0.463,2.4,6.2,0.391,5.8,11.5,0.501,0.531,5,5.9,0.851,0.8,5.3,6.1,4.2,1,0.6,3,2.9,23.8,MIP-1AS,ingrabr01
17,Jayson Tatum,21,BOS,PF,66,66,34.3,8.4,18.6,0.45,2.9,7.1,0.403,5.5,11.5,0.48,0.527,3.8,4.7,0.812,1,6,7,3,1.4,0.9,2.3,2.1,23.4,MVP-12ASNBA3,tatumja01
18,D'Angelo Russell,23,2TM,PG,45,45,32.3,8,18.8,0.426,3.5,9.6,0.367,4.5,9.2,0.487,0.519,3.6,4.4,0.809,0.4,3.6,3.9,6.3,1.1,0.3,3.3,1.9,23.1,,russeda01
18,D'Angelo Russell,23,GSW,PG,33,33,32.1,8.3,19.2,0.43,3.6,9.7,0.374,4.6,9.5,0.487,0.524,3.4,4.4,0.785,0.4,3.3,3.7,6.2,0.9,0.3,3.1,1.9,23.6,,russeda01
18,D'Angelo Russell,23,MIN,PG,12,12,32.7,7.3,17.6,0.412,3.2,9.2,0.345,4.1,8.4,0.485,0.502,4,4.6,0.873,0.3,4.3,4.6,6.6,1.4,0.3,3.8,1.8,21.7,,russeda01
19,Joel Embiid,25,PHI,C,51,51,29.5,7.5,15.7,0.477,1.1,3.4,0.331,6.4,12.3,0.517,0.512,6.9,8.5,0.807,2.8,8.9,11.6,3,0.9,1.3,3.1,3.4,23,AS,embiijo01
20,Pascal Siakam,25,TOR,PF,60,60,35.2,8.3,18.4,0.453,2.2,6.1,0.359,6.2,12.3,0.499,0.512,4,5.1,0.792,1.1,6.3,7.3,3.5,1,0.9,2.5,2.8,22.9,MVP-10ASNBA2,siakapa01
21,Zion Williamson,19,NOP,PF,24,24,27.8,8.8,15,0.583,0.3,0.6,0.429,8.5,14.4,0.59,0.592,4.8,7.4,0.64,2.7,3.6,6.3,2.1,0.7,0.4,2.5,1.8,22.5,ROY-3,willizi01
22,CJ McCollum,28,POR,SG,70,70,36.5,8.7,19.4,0.451,2.8,7.3,0.379,6,12.1,0.494,0.522,2,2.6,0.757,0.7,3.6,4.2,4.4,0.8,0.6,1.8,2.6,22.2,,mccolcj01
23,DeMar DeRozan,30,SAS,SF,68,68,34.1,8.2,15.4,0.531,0.1,0.5,0.257,8.1,14.9,0.54,0.535,5.6,6.6,0.845,0.6,4.9,5.5,5.6,1,0.3,2.4,2.6,22.1,,derozde01
24,Andrew Wiggins,24,2TM,SF,54,54,34.4,8.1,18.1,0.447,2.1,6.2,0.332,6,11.9,0.506,0.504,3.5,5,0.709,1.2,3.9,5.1,3.7,0.8,1,2.4,2.4,21.8,,wiggian01
24,Andrew Wiggins,24,MIN,SF,42,42,34.6,8.4,18.8,0.444,2.2,6.5,0.331,6.2,12.3,0.505,0.502,3.5,4.9,0.72,1.1,4.1,5.2,3.7,0.7,0.9,2.5,2.4,22.4,,wiggian01
24,Andrew Wiggins,24,GSW,SF,12,12,33.6,7.2,15.7,0.457,1.7,4.9,0.339,5.5,10.8,0.512,0.511,3.4,5.1,0.672,1.5,3.1,4.6,3.6,1.3,1.4,2.1,2.2,19.4,,wiggian01
25,John Collins,22,ATL,PF,41,41,33.2,8.6,14.8,0.583,1.4,3.6,0.401,7.2,11.2,0.642,0.632,2.9,3.7,0.8,2.8,7.3,10.1,1.5,0.8,1.6,1.8,3.4,21.6,,collijo01
26,Paul George,29,LAC,SF,48,48,29.6,7.1,16.3,0.439,3.3,7.9,0.412,3.9,8.4,0.464,0.539,4,4.5,0.876,0.5,5.2,5.7,3.9,1.4,0.4,2.6,2.4,21.5,,georgpa01
27,De'Aaron Fox,22,SAC,PG,51,49,32,7.7,16,0.48,1.1,3.6,0.292,6.6,12.4,0.535,0.513,4.7,6.7,0.705,0.7,3.2,3.8,6.8,1.5,0.5,3.1,2.8,21.1,,foxde01
28,Khris Middleton,28,MIL,SF,62,59,29.9,7.6,15.3,0.497,2.4,5.7,0.415,5.2,9.6,0.546,0.575,3.4,3.7,0.916,0.7,5.5,6.2,4.3,0.9,0.1,2.2,2.3,20.9,AS,middlkh01
29,Stephen Curry,31,GSW,PG,5,5,27.8,6.6,16.4,0.402,2.4,9.8,0.245,4.2,6.6,0.636,0.476,5.2,5.2,1,0.8,4.4,5.2,6.6,1,0.4,3.2,2.2,20.8,,curryst01
30,Collin Sexton,21,CLE,PG,65,65,33,7.9,16.7,0.472,1.5,3.9,0.38,6.4,12.8,0.501,0.517,3.5,4.1,0.846,0.9,2.2,3.1,3,1,0.1,2.4,2.2,20.8,,sextoco01
31,Spencer Dinwiddie,26,BRK,PG,64,49,31.2,6.6,16,0.415,1.9,6.3,0.308,4.7,9.7,0.485,0.476,5.4,7,0.778,0.5,3,3.5,6.8,0.6,0.3,2.7,2.8,20.6,,dinwisp01
32,Kristaps Porziņģis,24,DAL,C,57,57,31.8,7,16.4,0.427,2.5,7.1,0.352,4.5,9.3,0.484,0.503,4,5,0.799,1.8,7.7,9.5,1.8,0.7,2,1.6,3.2,20.4,,porzikr01
33,Kemba Walker,29,BOS,PG,56,56,31.1,6.8,15.9,0.425,3.2,8.4,0.381,3.5,7.4,0.476,0.526,3.7,4.3,0.864,0.6,3.2,3.9,4.8,0.9,0.5,2.1,1.6,20.4,AS,walkeke02
34,Jaylen Brown,23,BOS,SG,57,57,33.9,7.5,15.6,0.481,2.3,5.9,0.382,5.2,9.6,0.543,0.554,3.1,4.3,0.724,1.1,5.3,6.4,2.1,1.1,0.4,2.2,2.9,20.3,,brownja02
35,Bojan Bogdanović,30,UTA,SF,63,63,33.1,6.6,14.8,0.447,3,7.3,0.414,3.6,7.6,0.479,0.548,4,4.4,0.903,0.6,3.5,4.1,2.1,0.5,0.1,2.5,1.7,20.2,,bogdabo02
36,Jimmy Butler,30,MIA,SF,58,58,33.8,5.9,13.1,0.455,0.5,2.1,0.244,5.4,11,0.495,0.474,7.6,9.1,0.834,1.8,4.8,6.7,6,1.8,0.6,2.2,1.4,19.9,MVP-11ASNBA3,butleji01
37,Nikola Jokić,24,DEN,C,73,73,32,7.7,14.7,0.528,1.1,3.5,0.314,6.6,11.2,0.594,0.565,3.4,4.1,0.817,2.3,7.5,9.7,7,1.2,0.6,3.1,3,19.9,MVP-9ASNBA2,jokicni01
38,T.J. Warren,26,IND,SF,67,67,32.9,8,14.9,0.536,1.4,3.4,0.403,6.6,11.5,0.575,0.581,2.5,3,0.819,1,3.2,4.2,1.5,1.2,0.5,1.3,2.8,19.8,,warretj01
39,Tobias Harris,27,PHI,PF,72,72,34.3,7.7,16.3,0.471,1.8,5,0.367,5.9,11.3,0.517,0.527,2.4,3,0.806,1,5.9,6.9,3.2,0.7,0.6,1.4,2.3,19.6,,harrito02
40,Nikola Vučević,29,ORL,C,62,62,32.2,8,16.7,0.477,1.6,4.7,0.339,6.4,12,0.531,0.525,2.1,2.7,0.784,2.3,8.6,10.9,3.6,0.9,0.8,1.4,2.2,19.6,,vucevni01
41,Julius Randle,25,NYK,PF,64,64,32.5,7.2,15.7,0.46,1,3.6,0.277,6.2,12.1,0.515,0.492,4,5.5,0.733,2.4,7.4,9.7,3.1,0.8,0.3,3,2.8,19.5,,randlju01
42,Kyle Lowry,33,TOR,PG,58,58,36.2,5.8,13.8,0.416,2.8,8,0.352,2.9,5.8,0.504,0.518,5.1,5.9,0.857,0.6,4.5,5,7.5,1.4,0.4,3.1,3.3,19.4,AS,lowryky01
43,Buddy Hield,27,SAC,SG,72,44,30.8,6.9,16.1,0.429,3.8,9.6,0.394,3.2,6.6,0.479,0.545,1.6,1.9,0.846,0.8,3.8,4.6,3,0.9,0.2,2.3,2.3,19.2,,hieldbu01
44,Jrue Holiday,29,NOP,SG,61,61,34.7,7.5,16.5,0.455,2,5.7,0.353,5.5,10.8,0.509,0.516,2.1,3,0.709,1.3,3.5,4.8,6.7,1.6,0.8,3,2.4,19.1,,holidjr01
45,Shai Gilgeous-Alexander,21,OKC,SG,70,70,34.7,6.8,14.5,0.471,1.2,3.6,0.347,5.6,10.9,0.512,0.514,4.1,5.1,0.807,0.7,5.2,5.9,3.3,1.1,0.7,1.9,1.7,19,,gilgesh01
46,LaMarcus Aldridge,34,SAS,C,53,53,33.1,7.4,15,0.493,1.2,3,0.389,6.2,12,0.519,0.532,3,3.6,0.827,1.9,5.5,7.4,2.4,0.7,1.6,1.4,2.4,18.9,,aldrila01
47,Dennis Schröder,26,OKC,PG,65,2,30.8,7,14.8,0.469,1.9,5,0.385,5,9.8,0.513,0.534,3,3.6,0.839,0.3,3.3,3.6,4,0.7,0.2,2.6,2.2,18.9,6MOY-2,schrode01
48,Danilo Gallinari,31,OKC,PF,62,62,29.6,5.8,13.2,0.438,2.9,7.1,0.405,2.9,6.1,0.476,0.547,4.3,4.8,0.893,0.5,4.6,5.2,1.9,0.7,0.1,1.2,1.2,18.7,,gallida01
49,Caris LeVert,25,BRK,SG,45,31,29.6,6.9,16.3,0.425,1.8,4.9,0.364,5.1,11.4,0.451,0.48,3.1,4.4,0.711,1.1,3.1,4.2,4.4,1.2,0.2,2.6,1.8,18.7,,leverca01
50,Kelly Oubre Jr.,24,PHO,SF,56,55,34.5,6.7,14.8,0.452,1.9,5.5,0.352,4.7,9.3,0.511,0.517,3.4,4.4,0.78,1.2,5.3,6.4,1.5,1.3,0.7,1.5,3.4,18.7,,oubreke01
51,Montrezl Harrell,26,LAC,C,63,2,27.8,7.5,12.9,0.58,0,0.3,0,7.5,12.6,0.593,0.58,3.7,5.6,0.658,2.6,4.5,7.1,1.7,0.6,1.1,1.7,2.3,18.6,6MOY-1,harremo01
52,Evan Fournier,27,ORL,SF,66,66,31.5,6.6,14.1,0.467,2.6,6.6,0.399,4,7.5,0.527,0.56,2.7,3.3,0.818,0.3,2.3,2.6,3.2,1.1,0.2,1.9,2.4,18.5,,fournev01
53,Jamal Murray,22,DEN,PG,59,59,32.3,6.9,15.2,0.456,1.9,5.5,0.346,5,9.7,0.519,0.519,2.8,3.1,0.881,0.8,3.2,4,4.8,1.1,0.3,2.2,1.7,18.5,,murraja01
54,Domantas Sabonis,23,IND,PF,62,62,34.8,7.4,13.7,0.54,0.3,1.1,0.254,7.1,12.6,0.565,0.55,3.5,4.8,0.723,3,9.4,12.4,5,0.8,0.5,2.7,3.1,18.5,AS,sabondo01
55,Deandre Ayton,21,PHO,C,38,32,32.5,8.2,14.9,0.546,0.1,0.3,0.231,8.1,14.6,0.553,0.548,1.8,2.3,0.753,3.9,7.6,11.5,1.9,0.7,1.5,2.1,3.1,18.2,,aytonde01
56,Devonte' Graham,24,CHO,PG,63,53,35.1,5.8,15.3,0.382,3.5,9.3,0.373,2.4,6,0.397,0.495,3,3.7,0.82,0.7,2.7,3.4,7.5,1,0.2,2.9,1.8,18.2,,grahade01
57,Lou Williams,33,LAC,PG,65,8,28.7,6,14.4,0.418,1.7,4.8,0.352,4.3,9.6,0.451,0.477,4.5,5.2,0.861,0.5,2.6,3.1,5.6,0.7,0.2,2.8,1.2,18.2,6MOY-3,willilo02
58,Derrick Rose,31,DET,PG,50,15,26,7.4,15.1,0.49,0.9,2.9,0.306,6.5,12.1,0.535,0.52,2.4,2.8,0.871,0.5,1.9,2.4,5.6,0.8,0.3,2.5,1,18.1,6MOY-7,rosede01
59,Terry Rozier,25,CHO,PG,63,63,34.3,6.3,14.9,0.423,2.7,6.7,0.407,3.6,8.2,0.436,0.514,2.6,3,0.874,0.8,3.6,4.4,4.1,1,0.2,2.2,2,18,,roziete01
60,Ja Morant,20,MEM,PG,67,67,31,6.7,14,0.477,0.9,2.7,0.335,5.8,11.3,0.511,0.509,3.6,4.6,0.776,0.8,3.1,3.9,7.3,0.9,0.3,3.3,1.6,17.8,ROY-1,moranja01
61,Andre Drummond,26,2TM,C,57,56,33,7.3,13.8,0.533,0.1,0.6,0.143,7.2,13.1,0.551,0.536,3,5.2,0.575,4.4,10.8,15.2,2.7,1.9,1.6,3.6,3.5,17.7,DPOY-8,drumman01
61,Andre Drummond,26,DET,C,49,48,33.8,7.3,13.9,0.53,0,0.4,0.048,7.3,13.4,0.546,0.531,3,5.2,0.584,4.6,11.2,15.8,2.8,2,1.7,3.6,3.6,17.8,,drumman01
61,Andre Drummond,26,CLE,C,8,8,28.1,7.3,13.1,0.552,0.5,1.8,0.286,6.8,11.4,0.593,0.571,2.5,4.9,0.513,3,8.1,11.1,1.8,1.5,1.4,3.6,3.1,17.5,,drumman01
62,Kevin Love,31,CLE,PF,56,56,31.8,5.8,13,0.45,2.6,7,0.374,3.2,6,0.537,0.55,3.3,3.9,0.854,1,8.8,9.8,3.2,0.6,0.3,2.5,1.6,17.6,,loveke01
63,Jusuf Nurkić,25,POR,C,8,8,31.6,6.8,13.6,0.495,0.3,1.3,0.2,6.5,12.4,0.525,0.505,3.9,4.4,0.886,2.9,7.4,10.3,4,1.4,2,2.4,4.9,17.6,,nurkiju01
64,Chris Paul,34,OKC,PG,70,70,31.5,6.2,12.7,0.489,1.6,4.3,0.365,4.6,8.3,0.554,0.552,3.6,4,0.907,0.4,4.6,5,6.7,1.6,0.2,2.3,2.3,17.6,MVP-7ASNBA2,paulch01
65,Fred VanVleet,25,TOR,SG,54,54,35.7,5.9,14.3,0.413,2.7,6.9,0.39,3.2,7.4,0.434,0.507,3.1,3.7,0.848,0.3,3.4,3.8,6.6,1.9,0.3,2.2,2.4,17.6,,vanvlfr01
66,Gordon Hayward,29,BOS,SF,52,52,33.5,6.7,13.5,0.5,1.6,4.3,0.383,5.1,9.2,0.554,0.561,2.4,2.8,0.855,1.1,5.6,6.7,4.1,0.7,0.4,1.8,1.8,17.5,,haywago01
67,Jaren Jackson Jr.,20,MEM,C,57,57,28.5,6.2,13.2,0.469,2.5,6.5,0.394,3.6,6.8,0.54,0.565,2.4,3.3,0.747,1,3.6,4.6,1.4,0.7,1.6,1.7,4.1,17.4,,jacksja02
68,Marcus Morris,30,2TM,PF,62,62,31.2,5.7,13.1,0.438,2.3,5.6,0.408,3.4,7.5,0.461,0.526,2.9,3.5,0.823,1,4.1,5,1.4,0.8,0.5,1.6,2.9,16.7,,morrima03
68,Marcus Morris,30,NYK,SF,43,43,32.3,6.5,14.8,0.442,2.7,6.1,0.439,3.8,8.7,0.444,0.533,3.8,4.6,0.823,1.1,4.3,5.4,1.4,0.8,0.4,1.7,3,19.6,,morrima03
68,Marcus Morris,30,LAC,PF,19,19,28.9,3.9,9.2,0.425,1.4,4.4,0.31,2.5,4.7,0.533,0.5,0.9,1.2,0.818,0.6,3.5,4.1,1.4,0.7,0.7,1.3,2.7,10.1,,morrima03
69,Malcolm Brogdon,27,IND,PG,54,54,30.9,6,13.8,0.438,1.4,4.3,0.326,4.6,9.5,0.488,0.489,3.1,3.4,0.892,0.9,4,4.9,7.1,0.6,0.2,2.4,1.8,16.5,,brogdma01
70,Ben Simmons,23,PHI,PG,57,57,35.4,6.6,11.4,0.58,0,0.1,0.286,6.5,11.2,0.583,0.581,3.2,5.2,0.621,2,5.8,7.8,8,2.1,0.6,3.5,3.3,16.4,DPOY-4ASNBA3,simmobe01
71,Dillon Brooks,24,MEM,SG,73,73,28.9,6,14.6,0.407,2,5.6,0.358,3.9,9,0.438,0.476,2.2,2.8,0.808,0.9,2.4,3.3,2.1,0.9,0.4,1.7,3.8,16.2,,brookdi01
72,Goran Dragić,33,MIA,PG,59,3,28.2,5.4,12.3,0.441,2.1,5.7,0.367,3.3,6.5,0.505,0.526,3.2,4.2,0.776,0.5,2.7,3.2,5.1,0.7,0.2,2.4,2.1,16.2,6MOY-6,dragigo01
73,Norman Powell,26,TOR,SG,52,26,28.4,5.7,11.5,0.495,2.1,5.3,0.399,3.6,6.3,0.575,0.586,2.5,2.9,0.843,0.5,3.2,3.7,1.8,1.2,0.4,1.5,2.1,16,,powelno01
74,Bam Adebayo,22,MIA,PF,72,72,33.6,6.1,11,0.557,0,0.2,0.143,6.1,10.8,0.564,0.558,3.7,5.3,0.691,2.4,7.8,10.2,5.1,1.1,1.3,2.8,2.5,15.9,DPOY-5AS,adebaba01
75,Tim Hardaway Jr.,27,DAL,SG,71,58,29.5,5.4,12.5,0.434,2.9,7.2,0.398,2.5,5.2,0.485,0.55,2.1,2.6,0.819,0.4,2.9,3.3,1.9,0.6,0.1,1,1.8,15.8,,hardati02
76,Luke Kennard,23,DET,SG,28,25,32.9,5.4,12.2,0.442,2.6,6.5,0.399,2.8,5.7,0.491,0.548,2.4,2.7,0.893,0.3,3.2,3.5,4.1,0.4,0.2,1.5,2.3,15.8,,kennalu01
77,Blake Griffin,30,DET,PF,18,18,28.4,4.9,13.9,0.352,1.5,6.2,0.243,3.4,7.7,0.439,0.406,4.2,5.4,0.776,0.9,3.7,4.7,3.3,0.4,0.4,2.2,1.5,15.5,,griffbl01
78,Hassan Whiteside,30,POR,C,67,61,30,6.5,10.5,0.621,0.1,0.1,0.571,6.4,10.4,0.622,0.624,2.4,3.6,0.686,3.9,9.7,13.5,1.2,0.4,2.9,1.8,2.9,15.5,DPOY-11,whiteha01
79,Carmelo Anthony,35,POR,PF,58,58,32.8,5.8,13.5,0.43,1.5,3.9,0.385,4.3,9.6,0.448,0.485,2.3,2.8,0.845,1.2,5.1,6.3,1.5,0.8,0.5,1.7,2.9,15.4,,anthoca01
80,Dāvis Bertāns,27,WAS,PF,54,4,29.3,4.9,11.3,0.434,3.7,8.7,0.424,1.2,2.6,0.471,0.598,1.9,2.3,0.852,0.6,3.9,4.5,1.7,0.7,0.6,1.1,2.6,15.4,6MOY-8,bertada01
81,Serge Ibaka,30,TOR,C,55,27,27,6.2,12.2,0.512,1.3,3.3,0.385,5,8.9,0.559,0.564,1.6,2.3,0.718,2.1,6.1,8.2,1.4,0.5,0.8,2,2.8,15.4,,ibakase01
82,Kendrick Nunn,24,MIA,PG,67,67,29.3,6,13.6,0.439,2,5.8,0.35,3.9,7.8,0.505,0.514,1.3,1.5,0.85,0.3,2.4,2.7,3.3,0.8,0.2,1.7,2.3,15.3,ROY-2,nunnke01
83,JJ Redick,35,NOP,SG,60,36,26.4,4.8,10.5,0.453,3,6.6,0.453,1.8,3.9,0.453,0.596,2.8,3.1,0.892,0.2,2.4,2.5,2,0.3,0.2,1.3,1.6,15.3,,redicjj01
84,Jordan Clarkson,27,2TM,SG,71,2,24,5.5,12.2,0.454,2.1,5.8,0.368,3.4,6.4,0.533,0.542,1.9,2.3,0.836,0.7,1.9,2.6,1.9,0.6,0.2,1.4,1.5,15.2,,clarkjo01
84,Jordan Clarkson,27,CLE,SG,29,0,23,5,11.2,0.442,2,5.5,0.371,2.9,5.8,0.509,0.532,2.6,3,0.884,0.7,1.7,2.4,2.4,0.6,0.3,1.3,1.1,14.6,,clarkjo01
84,Jordan Clarkson,27,UTA,SG,42,2,24.7,6,12.9,0.462,2.2,6,0.366,3.7,6.8,0.547,0.548,1.5,1.9,0.785,0.7,2.1,2.8,1.6,0.7,0.2,1.4,1.8,15.6,,clarkjo01
85,Will Barton,29,DEN,SF,58,58,33,5.7,12.7,0.45,1.9,5,0.375,3.9,7.8,0.498,0.523,1.8,2.3,0.767,1.3,5,6.3,3.7,1.1,0.5,1.5,2.1,15.1,,bartowi01
86,Bogdan Bogdanović,27,SAC,SG,61,28,29,5.5,12.6,0.44,2.7,7.2,0.372,2.8,5.3,0.532,0.547,1.4,1.9,0.741,0.4,3,3.4,3.4,1,0.2,1.7,2.2,15.1,,bogdabo01
87,Rudy Gobert,27,UTA,C,68,68,34.3,5.7,8.2,0.693,0,0,,5.7,8.2,0.693,0.693,3.7,5.9,0.63,3.4,10.1,13.5,1.5,0.8,2,1.9,3.2,15.1,DPOY-3ASNBA3,goberru01
88,Alec Burks,28,2TM,SF,66,19,26.6,4.9,11.6,0.418,1.8,4.6,0.385,3.1,7.1,0.439,0.493,3.6,4,0.887,0.7,3.5,4.3,2.9,0.9,0.3,1.4,1.9,15,,burksal01
88,Alec Burks,28,GSW,SF,48,18,29,5.1,12.5,0.406,1.8,4.7,0.375,3.3,7.9,0.424,0.476,4.2,4.7,0.897,0.8,3.9,4.7,3.1,1,0.4,1.6,2.2,16.1,,burksal01
88,Alec Burks,28,PHI,SG,18,1,20.2,4.3,9.3,0.461,1.8,4.3,0.416,2.5,5,0.5,0.557,1.9,2.3,0.829,0.6,2.5,3.1,2.1,0.7,0,0.8,1.2,12.2,,burksal01
89,Eric Bledsoe,30,MIL,PG,61,61,27,5.5,11.5,0.475,1.2,3.5,0.344,4.3,8,0.533,0.528,2.8,3.5,0.79,0.7,3.9,4.6,5.4,0.9,0.4,2.4,2.1,14.9,,bledser01
90,Jonas Valančiūnas,27,MEM,C,70,70,26.4,6.2,10.6,0.585,0.5,1.3,0.352,5.7,9.3,0.617,0.606,2.1,2.9,0.74,3,8.2,11.3,1.9,0.4,1.1,1.8,2.6,14.9,,valanjo01
91,Lauri Markkanen,22,CHI,PF,50,50,29.8,5,11.8,0.425,2.2,6.3,0.344,2.8,5.5,0.518,0.517,2.5,3.1,0.824,1.2,5.1,6.3,1.5,0.8,0.5,1.6,1.9,14.7,,markkla01
92,Terrence Ross,28,ORL,SG,69,0,27.4,4.9,12.3,0.403,2.6,7.3,0.351,2.4,5,0.48,0.508,2.3,2.7,0.853,0.2,3,3.2,1.2,1.1,0.3,1,1.6,14.7,,rosste01
93,Harrison Barnes,27,SAC,PF,72,72,34.5,5.1,11,0.46,1.4,3.7,0.381,3.7,7.3,0.501,0.525,3,3.7,0.801,1.1,3.9,4.9,2.2,0.6,0.2,1.2,1.3,14.5,,barneha02
94,Joe Harris,28,BRK,SF,69,69,30.8,5.5,11.4,0.486,2.5,5.9,0.424,3,5.5,0.553,0.596,0.9,1.3,0.719,0.9,3.4,4.3,2.1,0.6,0.2,1.5,2.3,14.5,,harrijo01
95,Victor Oladipo,27,IND,SG,19,16,27.8,5.1,12.9,0.394,1.7,5.5,0.317,3.4,7.5,0.451,0.461,2.5,3.1,0.814,0.5,3.5,3.9,2.9,0.9,0.2,2.5,1.9,14.5,,oladivi01
96,Mike Conley,32,UTA,PG,47,41,29,4.9,12.1,0.409,2,5.4,0.375,2.9,6.6,0.437,0.494,2.4,3,0.827,0.7,2.5,3.2,4.4,0.8,0.1,2,2.2,14.4,,conlemi01
97,Aaron Gordon,24,ORL,PF,62,62,32.5,5.4,12.4,0.437,1.2,3.8,0.308,4.2,8.5,0.494,0.484,2.4,3.6,0.674,1.7,5.9,7.7,3.7,0.8,0.6,1.6,2,14.4,,gordoaa01
98,Eric Gordon,31,HOU,SF,36,15,28.2,4.8,12.9,0.369,2.7,8.4,0.317,2.1,4.4,0.469,0.473,2.3,3,0.766,0.3,1.7,2,1.5,0.6,0.4,1.2,1.9,14.4,,gordoer01
99,RJ Barrett,19,NYK,SG,56,55,30.4,5.2,13,0.402,1.1,3.5,0.32,4.1,9.5,0.432,0.445,2.8,4.5,0.614,0.9,4.1,5,2.6,1,0.3,2.2,2.2,14.3,ROY-8,barrerj01
100,Marvin Bagley III,20,SAC,C,13,6,25.7,6,12.8,0.467,0.3,1.7,0.182,5.7,11.2,0.51,0.479,1.9,2.4,0.806,2.2,5.2,7.5,0.8,0.5,0.9,1.4,3.3,14.2,,baglema01
101,Jabari Parker,24,2TM,PF,38,23,24.1,5.8,11.3,0.51,0.8,3.1,0.269,4.9,8.2,0.603,0.548,1.6,2.1,0.753,1.6,4,5.6,1.8,1.2,0.4,1.7,2.6,14,,parkeja01
101,Jabari Parker,24,ATL,PF,32,23,26.2,6.2,12.3,0.504,1,3.6,0.27,5.2,8.7,0.601,0.543,1.7,2.3,0.736,1.7,4.3,6,1.8,1.3,0.5,1.9,2.9,15,,parkeja01
101,Jabari Parker,24,SAC,PF,6,0,13.3,3.5,6,0.583,0.2,0.7,0.25,3.3,5.3,0.625,0.597,1.3,1.5,0.889,1.2,2.7,3.8,1.7,0.5,0.2,0.7,1,8.5,,parkeja01
102,Eric Paschall,23,GSW,PF,60,26,27.6,5.3,10.7,0.497,0.6,2.2,0.287,4.7,8.5,0.55,0.526,2.7,3.5,0.774,1.4,3.2,4.6,2.1,0.5,0.2,1.6,2.1,14,ROY-6,pascher01
103,Clint Capela,25,HOU,C,39,39,32.8,6.3,9.9,0.629,0,0,,6.3,9.9,0.629,0.629,1.4,2.7,0.529,4.3,9.5,13.8,1.2,0.8,1.8,1.6,2.6,13.9,,capelca01
104,Josh Richardson,26,PHI,SG,55,53,30.8,5.1,11.7,0.43,1.5,4.5,0.341,3.5,7.2,0.486,0.496,2.1,2.6,0.809,0.7,2.4,3.2,2.9,0.9,0.7,1.9,2.5,13.7,,richajo01
105,Rui Hachimura,21,WAS,PF,48,48,30.1,5.3,11.4,0.466,0.5,1.8,0.287,4.8,9.5,0.5,0.489,2.4,2.9,0.829,1.6,4.5,6.1,1.8,0.8,0.2,1.1,2.2,13.5,,hachiru01
106,Tyler Herro,20,MIA,SG,55,8,27.4,4.9,11.5,0.428,2.1,5.4,0.389,2.8,6.1,0.462,0.52,1.6,1.8,0.87,0.3,3.8,4.1,2.2,0.6,0.2,1.6,1.4,13.5,,herroty01
107,Duncan Robinson,25,MIA,SG,73,68,29.7,4.4,9.4,0.47,3.7,8.3,0.446,0.7,1.1,0.654,0.667,0.9,1,0.931,0.1,3,3.2,1.4,0.5,0.3,1,2.6,13.5,,robindu01
108,Thomas Bryant,22,WAS,C,46,36,24.9,5.3,9.1,0.581,0.8,2,0.407,4.5,7.1,0.63,0.626,1.9,2.5,0.741,2.1,5.1,7.2,1.8,0.5,1.1,1.2,2.2,13.2,,bryanth01
109,Coby White,19,CHI,PG,65,1,25.8,4.8,12.2,0.394,2,5.8,0.354,2.8,6.4,0.43,0.478,1.6,2,0.791,0.4,3.1,3.5,2.7,0.8,0.1,1.7,1.8,13.2,ROY-5,whiteco01
110,Christian Wood,24,DET,PF,62,12,21.4,4.6,8.2,0.567,0.9,2.3,0.386,3.8,5.9,0.636,0.62,2.9,3.9,0.744,1.7,4.6,6.3,1,0.5,0.9,1.4,1.6,13.1,6MOY-4,woodch01
111,Miles Bridges,21,CHO,SF,65,64,30.7,4.9,11.6,0.424,1.5,4.6,0.33,3.4,7,0.486,0.489,1.6,2,0.809,1.4,4.2,5.6,1.8,0.6,0.7,1.5,2,13,,bridgmi02
112,Ricky Rubio,29,PHO,PG,65,65,31,4.4,10.6,0.415,1.2,3.3,0.361,3.2,7.3,0.439,0.471,3,3.5,0.863,0.7,4,4.7,8.8,1.4,0.2,2.7,2.6,13,,rubiori01
113,Marcus Smart,25,BOS,SG,60,40,32,4.3,11.4,0.375,2.3,6.6,0.347,2,4.8,0.415,0.476,2.1,2.5,0.836,0.7,3.1,3.8,4.9,1.7,0.5,1.7,2.7,12.9,DPOY-6,smartma01
114,Kyle Kuzma,24,LAL,PF,61,9,25,4.8,11,0.436,1.4,4.5,0.316,3.4,6.5,0.518,0.5,1.9,2.5,0.735,0.9,3.6,4.5,1.3,0.5,0.4,1.5,2.1,12.8,,kuzmaky01
115,Damion Lee,27,GSW,SG,49,36,29,4.3,10.4,0.417,1.7,4.9,0.356,2.6,5.6,0.471,0.5,2.2,2.6,0.873,0.7,4.2,4.9,2.7,1,0.1,1.4,2.4,12.7,,leeda03
116,Jeremy Lamb,27,IND,SG,46,42,28.1,4.7,10.4,0.451,1.2,3.4,0.335,3.5,7,0.508,0.506,2,2.4,0.836,0.5,3.8,4.3,2.1,1.2,0.5,1.1,2.3,12.5,,lambje01
117,Robert Covington,29,2TM,C,70,68,30.5,4.4,10.3,0.422,2.3,6.9,0.335,2.1,3.5,0.593,0.533,1.4,1.8,0.798,0.9,5.7,6.6,1.3,1.6,1.3,1.5,3.1,12.4,,covinro01
117,Robert Covington,29,MIN,PF,48,47,29.4,4.5,10.3,0.435,2.3,6.5,0.346,2.3,3.8,0.587,0.544,1.6,2,0.798,0.8,5.2,6,1.2,1.7,0.9,1.5,3.1,12.8,,covinro01
117,Robert Covington,29,HOU,C,22,21,33,4,10.3,0.392,2.4,7.6,0.315,1.6,2.7,0.61,0.509,1.1,1.4,0.8,1.2,6.8,8,1.5,1.6,2.2,1.4,3.3,11.6,,covinro01
118,Seth Curry,29,DAL,SG,64,25,24.6,4.4,9,0.495,2.3,5,0.452,2.2,4,0.549,0.621,1.3,1.5,0.825,0.4,1.8,2.3,1.9,0.6,0.1,1,1.8,12.4,,curryse01
119,Darius Garland,20,CLE,SG,59,59,30.9,4.7,11.8,0.401,1.8,5,0.355,3,6.8,0.434,0.476,1.1,1.2,0.875,0.5,1.4,1.9,3.9,0.7,0.1,2.6,1.6,12.3,,garlada01
120,Richaun Holmes,26,SAC,C,44,38,28.2,5.1,7.8,0.648,0,0,,5.1,7.8,0.648,0.648,2.1,2.7,0.788,2.9,5.3,8.1,1,0.9,1.3,1.2,3.8,12.3,,holmeri01
121,De'Andre Hunter,22,ATL,SF,63,62,32,4.4,10.8,0.41,1.7,4.8,0.355,2.7,6,0.454,0.489,1.7,2.3,0.764,0.7,3.8,4.5,1.8,0.7,0.3,1.6,2.9,12.3,,huntede01
122,Kevin Huerter,21,ATL,SG,56,48,31.4,4.5,10.9,0.413,2.3,6,0.38,2.2,4.9,0.453,0.517,0.9,1.1,0.828,0.6,3.4,4.1,3.8,0.9,0.5,1.6,2.5,12.2,,huertke01
123,Isaiah Thomas,30,WAS,PG,40,37,23.1,4.4,10.7,0.408,2,4.7,0.413,2.4,5.9,0.405,0.5,1.6,1.9,0.816,0.3,1.4,1.7,3.7,0.3,0.2,1.9,1.9,12.2,,thomais02
124,P.J. Washington,21,CHO,PF,58,57,30.3,4.6,10.2,0.455,1.5,4,0.374,3.1,6.2,0.507,0.528,1.5,2.3,0.647,1,4.4,5.4,2.1,0.9,0.8,1.6,2.7,12.2,,washipj01
125,Brandon Clarke,23,MEM,PF,58,4,22.4,5.1,8.3,0.618,0.4,1.1,0.359,4.7,7.2,0.658,0.642,1.5,1.9,0.759,1.6,4.4,5.9,1.4,0.6,0.8,0.9,1.7,12.1,ROY-4,clarkbr01
126,Markelle Fultz,21,ORL,PG,72,60,27.7,5,10.7,0.465,0.5,1.9,0.267,4.5,8.8,0.507,0.488,1.6,2.2,0.73,0.6,2.7,3.3,5.1,1.3,0.2,2,2,12.1,,fultzma01
127,Taurean Prince,25,BRK,PF,64,61,29,4.3,11.5,0.376,2.3,6.7,0.339,2.1,4.8,0.429,0.475,1.1,1.4,0.798,0.8,5.2,6,1.8,0.9,0.4,2,2.5,12.1,,princta02
128,Myles Turner,23,IND,C,62,62,29.5,4.3,9.5,0.457,1.4,4,0.344,2.9,5.4,0.54,0.53,2,2.7,0.751,1.4,5.2,6.6,1.2,0.7,2.1,1.4,2.7,12.1,,turnemy01
129,Jerami Grant,25,DEN,PF,71,24,26.6,4.3,8.9,0.478,1.4,3.5,0.389,2.9,5.4,0.537,0.555,2.1,2.8,0.75,0.8,2.7,3.5,1.2,0.7,0.8,0.9,2.2,12,,grantje01
130,Brook Lopez,31,MIL,C,68,67,26.7,4.3,9.9,0.435,1.5,4.8,0.314,2.8,5.1,0.549,0.511,1.9,2.2,0.836,0.9,3.7,4.6,1.5,0.7,2.4,1,2.4,12,DPOY-10,lopezbr01
131,Tristan Thompson,28,CLE,C,57,51,30.2,5.1,9.9,0.512,0.2,0.4,0.391,4.9,9.5,0.518,0.52,1.7,2.8,0.615,4,6.2,10.1,2.1,0.6,0.9,1.8,2.2,12,,thomptr01
132,Reggie Jackson,29,2TM,PG,31,16,24,4.3,10.5,0.411,1.8,4.7,0.393,2.5,5.8,0.425,0.498,1.5,1.7,0.833,0.5,2.4,3,4.1,0.4,0.2,1.6,1.9,11.9,,jacksre01
132,Reggie Jackson,29,DET,PG,14,10,27.2,5.4,14.1,0.384,2.2,5.9,0.378,3.2,8.3,0.388,0.462,1.9,2.4,0.788,0.8,2.1,2.9,5.1,0.6,0.1,1.6,1.5,14.9,,jacksre01
132,Reggie Jackson,29,LAC,PG,17,6,21.3,3.4,7.5,0.453,1.5,3.7,0.413,1.9,3.8,0.492,0.555,1.1,1.2,0.905,0.4,2.6,3,3.2,0.3,0.2,1.6,2.2,9.5,,jacksre01
133,Al Horford,33,PHI,C,67,61,30.2,4.8,10.6,0.45,1.5,4.2,0.35,3.3,6.4,0.516,0.52,0.9,1.2,0.763,1.5,5.3,6.8,4,0.8,0.9,1.2,2.1,11.9,,horfoal01
134,Jonathan Isaac,22,ORL,PF,34,32,28.8,4.6,9.8,0.47,0.9,2.8,0.34,3.6,7,0.521,0.518,1.8,2.3,0.779,1.7,5.1,6.8,1.4,1.6,2.3,1.4,2.4,11.9,,isaacjo01
135,Otto Porter Jr.,26,CHI,SF,14,9,23.6,4.4,10,0.443,1.7,4.4,0.387,2.7,5.6,0.487,0.529,1.4,1.9,0.704,0.9,2.5,3.4,1.8,1.1,0.4,0.8,2.2,11.9,,porteot01
136,Lonzo Ball,22,NOP,PG,63,54,32.1,4.4,10.9,0.403,2.3,6.3,0.375,2,4.6,0.442,0.511,0.7,1.2,0.566,1.1,5,6.1,7,1.4,0.6,3.1,2,11.8,,balllo01
137,Glenn Robinson III,26,2TM,SF,62,52,28.8,4.6,9.5,0.486,1.2,3.2,0.391,3.4,6.4,0.534,0.552,1.2,1.4,0.86,1.3,3,4.4,1.5,0.9,0.3,0.9,1.6,11.7,,robingl02
137,Glenn Robinson III,26,GSW,SF,48,48,31.6,5.1,10.6,0.481,1.4,3.5,0.4,3.7,7,0.522,0.548,1.3,1.5,0.851,1.4,3.3,4.7,1.8,0.9,0.3,1,1.7,12.9,,robingl02
137,Glenn Robinson III,26,PHI,SF,14,4,19.3,3.1,6.1,0.518,0.6,1.9,0.333,2.5,4.1,0.603,0.571,0.8,0.9,0.917,1.1,2.1,3.1,0.8,0.6,0.1,0.4,1.3,7.7,,robingl02
138,Patty Mills,31,SAS,PG,66,1,22.5,3.9,9.1,0.431,2.3,6.1,0.382,1.6,3,0.533,0.56,1.5,1.7,0.866,0.3,1.3,1.6,1.8,0.8,0.1,0.8,1.6,11.6,,millspa02
139,Paul Millsap,34,DEN,PF,51,48,24.3,4.1,8.6,0.482,1.1,2.4,0.435,3.1,6.2,0.5,0.543,2.3,2.8,0.816,1.9,3.8,5.7,1.6,0.9,0.6,1.4,2.9,11.6,,millspa01
140,Jordan McRae,28,3TM,SG,37,4,21.2,4,9.9,0.407,1.2,3.4,0.357,2.8,6.5,0.433,0.469,2.2,2.9,0.761,0.5,2.9,3.4,2.5,0.6,0.4,1.2,2,11.5,,mcraejo01
140,Jordan McRae,28,WAS,SG,29,4,22.6,4.6,10.9,0.42,1.4,3.7,0.377,3.2,7.3,0.441,0.483,2.2,2.9,0.771,0.6,3,3.6,2.8,0.7,0.5,1.3,2.1,12.8,,mcraejo01
140,Jordan McRae,28,DEN,SG,4,0,8,0.5,1.5,0.333,0.5,1,0.5,0,0.5,0,0.5,0.8,1,0.75,0.3,1,1.3,1,0.5,0.3,0,0.5,2.3,,mcraejo01
140,Jordan McRae,28,DET,SG,4,0,24.5,3.5,10.8,0.326,0.8,4,0.188,2.8,6.8,0.407,0.36,4,5.5,0.727,0,3.8,3.8,1.8,0,0,1.3,2.5,11.8,,mcraejo01
141,Aron Baynes,33,PHO,C,42,28,22.2,4.4,9.1,0.48,1.4,4,0.351,3,5.1,0.582,0.558,1.3,1.8,0.747,1.7,4,5.6,1.6,0.2,0.5,1.2,3.4,11.5,,baynear01
142,Nemanja Bjelica,31,SAC,PF,72,67,27.9,4.4,9.1,0.481,1.9,4.4,0.419,2.5,4.6,0.541,0.583,1,1.2,0.821,1.5,4.8,6.4,2.8,0.9,0.6,1.4,3,11.5,,bjeline01
143,Wendell Carter Jr.,20,CHI,C,43,43,29.2,4.3,8,0.534,0.1,0.7,0.207,4.1,7.3,0.564,0.542,2.6,3.5,0.737,3.2,6.2,9.4,1.2,0.8,0.8,1.7,3.8,11.3,,cartewe01
144,Derrick White,25,SAS,SG,68,20,24.7,3.7,8.1,0.458,1.2,3.2,0.366,2.6,4.9,0.518,0.53,2.6,3.1,0.853,0.5,2.8,3.3,3.5,0.6,0.9,1.3,2.2,11.3,,whitede01
145,Justise Winslow,23,MIA,SG,11,5,32,4.5,11.7,0.388,0.5,2.5,0.222,4,9.3,0.431,0.411,1.6,2.5,0.667,1.5,5.2,6.6,4,0.6,0.5,2.2,3.5,11.3,,winslju01
146,Malik Beasley,23,2TM,SG,55,14,22,4.1,9.7,0.425,1.9,5,0.388,2.2,4.7,0.465,0.525,1,1.2,0.818,0.3,2.4,2.7,1.4,0.7,0.1,1,1.4,11.2,,beaslma01
146,Malik Beasley,23,DEN,SG,41,0,18.2,2.9,7.3,0.389,1.4,3.9,0.36,1.4,3.4,0.421,0.485,0.8,0.9,0.868,0.2,1.7,1.9,1.2,0.8,0.1,0.9,1.2,7.9,,beaslma01
146,Malik Beasley,23,MIN,SG,14,14,33.1,7.9,16.6,0.472,3.5,8.2,0.426,4.4,8.4,0.517,0.577,1.5,2,0.75,0.6,4.4,5.1,1.9,0.6,0.1,1.5,1.9,20.7,,beaslma01
147,Bryn Forbes,26,SAS,SG,63,62,25.1,3.8,9.2,0.417,2.3,6,0.388,1.5,3.2,0.47,0.544,1.2,1.4,0.833,0.2,1.8,2,1.7,0.5,0,0.9,1.8,11.2,,forbebr01
148,Dion Waiters,28,2TM,SG,10,0,20.7,4.1,9.9,0.414,1.5,4.7,0.319,2.6,5.2,0.5,0.49,1.4,1.7,0.824,0.2,2.2,2.4,2,0.4,0.6,1.6,2.1,11.1,,waitedi01
148,Dion Waiters,28,MIA,SG,3,0,14,3.3,8.7,0.385,2.7,5.7,0.471,0.7,3,0.222,0.538,0,0.3,0,0,3.7,3.7,1,0,0.7,1,1.7,9.3,,waitedi01
148,Dion Waiters,28,LAL,SG,7,0,23.6,4.4,10.4,0.425,1,4.3,0.233,3.4,6.1,0.558,0.473,2,2.3,0.875,0.3,1.6,1.9,2.4,0.6,0.6,1.9,2.3,11.9,,waitedi01
149,Jarrett Allen,21,BRK,C,70,64,26.5,4.3,6.6,0.649,0,0.1,0,4.3,6.6,0.658,0.649,2.4,3.9,0.633,3.1,6.5,9.6,1.6,0.6,1.3,1.1,2.3,11.1,DPOY-12,allenja01
150,Cody Zeller,27,CHO,C,58,39,23.1,4.3,8.3,0.524,0.3,1.3,0.24,4,7,0.577,0.543,2.1,3.1,0.682,2.8,4.3,7.1,1.5,0.7,0.4,1.3,2.4,11.1,,zelleco01
151,Rodney Hood,27,POR,SF,21,21,29.5,4.1,8.2,0.506,1.7,3.4,0.493,2.5,4.8,0.515,0.608,1,1.3,0.778,0.5,3,3.4,1.5,0.8,0.2,0.9,2.2,11,,hoodro01
152,Mychal Mulder,25,GSW,SF,7,3,29.1,3.7,9.6,0.388,2.3,7.4,0.308,1.4,2.1,0.667,0.507,1.3,1.7,0.75,0.4,2.9,3.3,1.1,0.3,0.1,0.7,2.9,11,,muldemy01
153,Cedi Osman,24,CLE,SF,65,65,29.4,4.1,9.4,0.437,1.9,4.9,0.383,2.2,4.4,0.497,0.538,1,1.4,0.67,0.6,3,3.6,2.4,0.8,0.2,1.4,2.5,11,,osmande01
154,Jeff Teague,31,2TM,PG,59,17,24.8,3.6,8.3,0.436,0.7,2,0.368,2.9,6.3,0.457,0.48,2.9,3.3,0.873,0.5,1.9,2.4,5.2,0.7,0.3,2,1.8,10.9,,teaguje01
154,Jeff Teague,31,MIN,PG,34,13,27.8,4.3,9.5,0.448,1,2.6,0.379,3.3,7,0.473,0.498,3.7,4.2,0.868,0.4,2.1,2.6,6.1,0.7,0.4,2.2,2.1,13.2,,teaguje01
154,Jeff Teague,31,ATL,PG,25,4,20.8,2.7,6.6,0.412,0.4,1.2,0.333,2.3,5.4,0.43,0.442,1.9,2.1,0.887,0.5,1.7,2.2,4,0.8,0.2,1.6,1.4,7.7,,teaguje01
155,Steven Adams,26,OKC,C,63,63,26.7,4.5,7.6,0.592,0,0,0.333,4.5,7.5,0.594,0.593,1.9,3.2,0.582,3.3,6,9.3,2.3,0.8,1.1,1.5,1.9,10.9,,adamsst01
156,Dejounte Murray,23,SAS,PG,66,58,25.6,4.5,9.7,0.462,0.6,1.7,0.369,3.8,8,0.481,0.494,1.4,1.7,0.798,1,4.8,5.8,4.1,1.7,0.3,1.9,2.2,10.9,,murrade01
157,Cameron Payne,25,PHO,SG,8,0,22.9,4.1,8.5,0.485,1.9,3.6,0.517,2.3,4.9,0.462,0.596,0.8,0.9,0.857,0.5,3.4,3.9,3,1,0.3,1.4,2.5,10.9,,payneca01
158,Ish Smith,31,WAS,PG,68,23,26.3,4.5,10.1,0.447,0.9,2.5,0.367,3.6,7.6,0.473,0.492,0.9,1.3,0.721,0.4,2.8,3.2,4.9,0.9,0.4,1.4,1.6,10.9,,smithis01
159,Rudy Gay,33,SAS,PF,67,5,21.8,4,8.9,0.446,1.1,3.3,0.336,2.9,5.6,0.511,0.508,1.8,2,0.882,0.9,4.5,5.4,1.7,0.5,0.5,1.3,1.5,10.8,,gayru01
160,Dario Šarić,25,PHO,PF,66,51,24.7,3.9,8.2,0.476,1.3,3.6,0.357,2.6,4.6,0.568,0.554,1.6,1.9,0.844,1.5,4.6,6.2,1.9,0.6,0.2,1.3,2.4,10.7,,saricda01
161,OG Anunoby,22,TOR,SF,69,68,29.9,4.1,8.2,0.505,1.3,3.3,0.39,2.9,4.9,0.583,0.584,1,1.5,0.706,1.2,4.1,5.3,1.6,1.4,0.7,1.1,2.4,10.6,,anunoog01
162,Jae Crowder,29,2TM,SF,65,53,28.8,3.5,8.7,0.401,2.1,6.1,0.343,1.4,2.6,0.538,0.521,1.5,1.9,0.776,0.8,5.1,5.9,2.5,1.1,0.4,1.1,2.2,10.5,,crowdja01
162,Jae Crowder,29,MEM,SF,45,45,29.4,3.3,8.9,0.368,1.7,5.9,0.293,1.5,3,0.519,0.466,1.7,2.1,0.789,0.9,5.3,6.2,2.8,1,0.3,1.2,1.9,9.9,,crowdja01
162,Jae Crowder,29,MIA,PF,20,8,27.7,4,8.2,0.482,2.9,6.4,0.445,1.1,1.8,0.611,0.655,1.1,1.5,0.733,0.6,4.8,5.4,1.8,1.3,0.5,0.8,2.9,11.9,,crowdja01
163,D.J. Augustin,32,ORL,PG,57,13,24.9,3.2,8.1,0.399,1.2,3.5,0.348,2,4.6,0.438,0.475,2.8,3.2,0.89,0.4,1.8,2.1,4.6,0.6,0,1.5,1.3,10.5,,augusdj01
164,Danuel House Jr.,26,HOU,SF,63,52,30.4,3.7,8.6,0.427,2,5.6,0.363,1.6,2.9,0.549,0.546,1.2,1.4,0.811,0.9,3.3,4.2,1.3,1.1,0.5,0.9,2.1,10.5,,houseda01
165,Cam Reddish,20,ATL,SF,58,34,26.7,3.7,9.6,0.384,1.4,4.3,0.332,2.2,5.2,0.428,0.459,1.7,2.2,0.802,0.6,3.1,3.7,1.5,1.1,0.5,1.7,2.3,10.5,,reddica01
166,Troy Brown Jr.,20,WAS,SF,69,22,25.8,4,9,0.439,0.9,2.6,0.341,3.1,6.4,0.479,0.488,1.6,2,0.784,1.1,4.4,5.6,2.6,1.2,0.1,1.1,1.9,10.4,,browntr01
167,Gary Harris,25,DEN,SG,56,55,31.8,3.9,9.3,0.42,1.3,3.8,0.333,2.6,5.5,0.479,0.487,1.3,1.6,0.815,0.5,2.4,2.9,2.1,1.4,0.3,1.1,2.1,10.4,,harriga01
168,Shabazz Napier,28,2TM,PG,56,32,24,3.4,8.1,0.412,1.4,4.3,0.317,2,3.9,0.519,0.496,2.3,2.7,0.824,0.5,2.4,2.8,4.7,1.2,0.2,2.3,1.8,10.3,,napiesh01
168,Shabazz Napier,28,MIN,PG,36,22,23.8,3.2,7.9,0.403,1.3,4.4,0.296,1.9,3.4,0.54,0.486,2,2.4,0.818,0.5,2.6,3.1,5.2,1.1,0.2,2.1,1.7,9.6,,napiesh01
168,Shabazz Napier,28,WAS,PG,20,10,24.4,3.7,8.7,0.428,1.5,4.1,0.358,2.3,4.6,0.489,0.512,2.7,3.3,0.831,0.5,2,2.4,3.8,1.5,0.2,2.6,2,11.6,,napiesh01
169,Langston Galloway,28,DET,SG,66,6,25.8,3.6,8.2,0.435,2,5,0.399,1.6,3.2,0.493,0.557,1.1,1.3,0.859,0.5,1.8,2.3,1.5,0.7,0.2,0.6,1.5,10.3,,gallola01
170,Doug McDermott,28,IND,PF,69,0,19.9,3.9,7.9,0.488,1.9,4.3,0.435,2,3.7,0.549,0.605,0.7,0.8,0.828,0.4,2.1,2.5,1.1,0.2,0.1,0.6,1.7,10.3,,mcderdo01
171,Malik Monk,21,CHO,SG,55,1,21.3,3.9,8.9,0.434,1.1,3.7,0.284,2.8,5.2,0.542,0.494,1.5,1.8,0.82,0.5,2.4,2.9,2.1,0.5,0.3,1.4,1.3,10.3,,monkma01
172,Garrett Temple,33,BRK,SG,62,35,27.9,3.6,9.5,0.378,2,6.2,0.329,1.5,3.2,0.473,0.486,1.1,1.4,0.805,0.5,3,3.5,2.5,0.8,0.5,1,1.7,10.3,,templga01
173,Thaddeus Young,31,CHI,PF,64,16,24.9,4.2,9.4,0.448,1.2,3.5,0.356,3,5.9,0.501,0.513,0.7,1.1,0.583,1.5,3.5,4.9,1.8,1.4,0.4,1.6,2.1,10.3,,youngth01
174,Josh Hart,24,NOP,SF,65,16,27,3.5,8.2,0.423,1.9,5.4,0.342,1.6,2.7,0.584,0.537,1.3,1.8,0.739,0.9,5.6,6.5,1.7,1,0.4,1.2,2.5,10.1,,hartjo01
175,Ben McLemore,26,HOU,SF,71,23,22.8,3.4,7.7,0.444,2.5,6.4,0.4,0.9,1.3,0.656,0.61,0.7,0.9,0.746,0.3,1.9,2.2,0.8,0.6,0.2,0.7,2.2,10.1,,mclembe01
176,Larry Nance Jr.,27,CLE,PF,56,10,26.3,4.1,7.7,0.531,1,2.8,0.352,3.1,4.9,0.636,0.596,0.9,1.3,0.676,1.9,5.4,7.3,2.2,1,0.4,1.1,1.6,10.1,,nancela02
177,Bobby Portis,24,NYK,PF,66,5,21.1,4,8.9,0.45,1,2.8,0.358,3,6.1,0.493,0.507,1.1,1.4,0.763,1.2,3.9,5.1,1.5,0.5,0.3,1.1,1.7,10.1,,portibo01
178,Elfrid Payton,25,NYK,PG,45,36,27.7,4.3,9.8,0.439,0.3,1.5,0.203,4,8.2,0.482,0.455,1.1,1.9,0.57,1.2,3.6,4.7,7.2,1.6,0.4,2.1,2,10,,paytoel01
179,Kevin Porter Jr.,19,CLE,SF,50,3,23.2,3.7,8.4,0.442,1.1,3.2,0.335,2.7,5.3,0.506,0.505,1.5,2,0.723,0.4,2.8,3.2,2.2,0.9,0.3,1.9,2.7,10,,porteke02
180,Tomáš Satoranský,28,CHI,SG,65,64,28.9,3.6,8.5,0.43,1,3.1,0.322,2.7,5.4,0.491,0.488,1.6,1.9,0.876,1.2,2.7,3.9,5.4,1.2,0.1,2,2.1,9.9,,satorto01
181,Joe Ingles,32,UTA,PF,72,45,29.7,3.4,7.7,0.445,2,4.9,0.399,1.5,2.8,0.525,0.572,1,1.3,0.787,0.4,3.5,3.9,5.2,0.9,0.2,2,2.1,9.8,,inglejo01
182,Furkan Korkmaz,22,PHI,SG,72,12,21.7,3.4,7.8,0.43,2,4.9,0.402,1.4,2.9,0.478,0.557,1.1,1.4,0.755,0.3,2.1,2.3,1.1,0.6,0.2,0.8,1.4,9.8,,korkmfu01
183,Markieff Morris,30,2TM,PF,58,17,20.5,3.5,7.9,0.443,1.5,3.9,0.386,2,4,0.5,0.539,1.1,1.5,0.776,0.7,3.1,3.8,1.3,0.5,0.3,1.3,2.3,9.7,,morrima02
183,Markieff Morris,30,DET,PF,44,16,22.5,4,8.8,0.45,1.7,4.3,0.397,2.3,4.5,0.5,0.546,1.4,1.8,0.772,0.5,3.4,3.9,1.6,0.6,0.3,1.6,2.4,11,,morrima02
183,Markieff Morris,30,LAL,PF,14,1,14.2,2,4.9,0.406,0.9,2.8,0.333,1.1,2.1,0.5,0.5,0.4,0.4,0.833,1.1,2.1,3.2,0.6,0.4,0.4,0.4,2.1,5.3,,morrima02
184,Frank Kaminsky,26,PHO,C,39,13,19.9,3.5,7.9,0.45,1.1,3.2,0.331,2.5,4.7,0.53,0.516,1.6,2.3,0.678,0.9,3.6,4.5,1.9,0.4,0.3,0.9,1.9,9.7,,kaminfr01
185,Mitchell Robinson,21,NYK,C,61,7,23.1,4.1,5.6,0.742,0,0,,4.1,5.6,0.742,0.742,1.4,2.4,0.568,3,4,7,0.6,0.9,2,0.6,3.2,9.7,,robinmi01
186,Dorian Finney-Smith,26,DAL,PF,71,68,29.9,3.4,7.4,0.466,1.6,4.3,0.376,1.8,3.1,0.589,0.575,1.1,1.5,0.722,2,3.7,5.7,1.6,0.6,0.5,1,2.5,9.5,,finnedo01
187,Aaron Holiday,23,IND,PG,66,33,24.5,3.5,8.5,0.414,1.3,3.3,0.394,2.2,5.2,0.427,0.491,1.1,1.3,0.851,0.3,2,2.4,3.4,0.8,0.2,1.3,1.8,9.5,,holidaa01
188,Jeff Green,33,2TM,C,48,4,20,3.3,7.2,0.462,1.3,3.8,0.339,2,3.4,0.602,0.552,1.5,1.9,0.802,0.5,2.3,2.8,1,0.5,0.4,0.9,1.9,9.4,,greenje02
188,Jeff Green,33,UTA,PF,30,2,18.4,2.5,6.5,0.385,1.1,3.5,0.327,1.4,3,0.451,0.472,1.6,2.1,0.778,0.5,2.2,2.7,0.7,0.4,0.3,0.9,1.5,7.8,,greenje02
188,Jeff Green,33,HOU,C,18,2,22.6,4.7,8.3,0.564,1.6,4.4,0.354,3.1,3.9,0.8,0.658,1.3,1.6,0.857,0.6,2.3,2.9,1.7,0.8,0.5,0.8,2.4,12.2,,greenje02
189,George Hill,33,MIL,PG,59,2,21.5,3.3,6.4,0.516,1.4,3,0.46,1.9,3.4,0.565,0.624,1.4,1.7,0.842,0.8,2.2,3,3.1,0.8,0.1,1,1.4,9.4,6MOY-4,hillge01
190,Shake Milton,23,PHI,SG,40,24,20.1,3.4,6.9,0.484,1.5,3.4,0.43,1.9,3.6,0.535,0.588,1.3,1.6,0.785,0.4,1.8,2.2,2.6,0.5,0.2,1.2,2.3,9.4,,miltosh01
191,Dwight Powell,28,DAL,C,40,37,26.5,3.7,5.7,0.638,0.3,1,0.256,3.4,4.8,0.716,0.659,1.9,2.8,0.667,1.9,3.8,5.7,1.5,0.9,0.6,0.9,2.6,9.4,,poweldw01
192,Kentavious Caldwell-Pope,26,LAL,SG,69,26,25.5,3.4,7.3,0.467,1.3,3.5,0.385,2.1,3.9,0.541,0.558,1.1,1.5,0.775,0.6,1.5,2.1,1.6,0.8,0.2,0.9,1.9,9.3,,caldwke01
193,Marquese Chriss,22,GSW,PF,59,21,20.3,3.6,6.5,0.545,0.1,0.7,0.205,3.4,5.9,0.584,0.556,2,2.6,0.769,1.9,4.3,6.2,1.9,0.7,1.1,1.3,2.1,9.3,,chrisma01
194,Michael Porter Jr.,21,DEN,SF,55,8,16.4,3.5,7,0.509,1.1,2.7,0.422,2.4,4.3,0.564,0.59,1.1,1.3,0.833,1.2,3.5,4.7,0.8,0.5,0.5,0.9,1.8,9.3,,portemi01
195,Landry Shamet,22,LAC,SG,53,30,27.4,3,7.4,0.404,2.1,5.6,0.375,0.9,1.8,0.495,0.546,1.2,1.4,0.855,0.1,1.8,1.9,1.9,0.4,0.2,0.8,2.7,9.3,,shamela01
196,Jarrett Culver,20,MIN,SG,63,35,23.9,3.7,9,0.404,1,3.5,0.299,2.6,5.5,0.471,0.462,0.9,1.9,0.462,1.1,2.3,3.4,1.7,0.9,0.6,1.3,2,9.2,,culveja01
197,Donte DiVincenzo,23,MIL,SG,66,24,23,3.5,7.7,0.455,1.3,3.7,0.336,2.3,4,0.567,0.536,1,1.3,0.733,1,3.8,4.8,2.3,1.3,0.3,1.4,1.7,9.2,,divindo01
198,Daniel Theis,27,BOS,C,65,64,24.1,3.7,6.6,0.566,0.5,1.5,0.333,3.2,5.1,0.633,0.603,1.3,1.8,0.763,2.2,4.4,6.6,1.7,0.6,1.3,0.8,3.4,9.2,,theisda01
199,Mikal Bridges,23,PHO,SF,73,32,28,3.4,6.6,0.51,1,2.7,0.361,2.4,4,0.61,0.583,1.4,1.7,0.844,0.9,3.1,4,1.8,1.4,0.6,1,2.2,9.1,,bridgmi01
200,Keldon Johnson,20,SAS,SF,17,1,17.7,3.1,5.2,0.596,0.8,1.3,0.591,2.4,3.9,0.597,0.669,2.1,2.6,0.795,0.6,2.8,3.4,0.9,0.8,0.1,0.8,1.6,9.1,,johnske04
201,Maxi Kleber,28,DAL,PF,74,21,25.5,3.2,6.9,0.461,1.6,4.3,0.373,1.6,2.6,0.605,0.577,1.1,1.3,0.849,1.5,3.7,5.2,1.2,0.3,1.1,0.8,2.4,9.1,,klebima01
202,Jake Layman,25,MIN,SF,23,2,22,3.5,7.8,0.453,1,3.1,0.333,2.5,4.7,0.533,0.52,1,1.4,0.75,0.7,1.7,2.5,0.7,0.7,0.4,1,2,9.1,,laymaja01
203,Derrick Favors,28,NOP,C,51,49,24.4,4.1,6.6,0.617,0,0.1,0.143,4.1,6.5,0.627,0.618,0.8,1.4,0.563,3.2,6.6,9.8,1.6,0.6,0.9,1.1,2.1,9,,favorde01
204,Josh Jackson,22,MEM,SF,22,0,17.3,3.2,7.2,0.44,1,3.3,0.319,2.1,4,0.54,0.513,1.6,2.3,0.7,0.5,2.5,3,1.6,0.8,0.4,1.3,1.8,9,,jacksjo02
205,Monte Morris,24,DEN,PG,73,12,22.4,3.6,7.8,0.459,0.9,2.4,0.378,2.7,5.4,0.495,0.517,1,1.2,0.843,0.3,1.5,1.9,3.5,0.8,0.2,0.7,1,9,,morrimo01
206,Svi Mykhailiuk,22,DET,SF,56,27,22.6,3,7.2,0.41,2.1,5.1,0.404,0.9,2.1,0.425,0.552,1,1.3,0.814,0.3,1.6,1.9,1.9,0.7,0.1,1.1,1.6,9,,mykhasv01
207,Naz Reid,20,MIN,C,30,11,16.5,3.3,8.1,0.412,1.1,3.2,0.33,2.3,4.9,0.466,0.477,1.2,1.8,0.698,1.1,3,4.1,1.2,0.6,0.7,0.7,2.8,9,,reidna01
208,Bruce Brown,23,DET,PG,58,43,28.2,3.4,7.7,0.443,0.6,1.7,0.344,2.8,6.1,0.47,0.48,1.5,2.1,0.739,1.1,3.7,4.7,4,1.1,0.5,1.7,2.8,8.9,,brownbr01
209,Gary Trent Jr.,21,POR,SF,61,8,21.8,3.2,7.2,0.444,1.8,4.4,0.418,1.4,2.8,0.486,0.571,0.6,0.7,0.822,0.4,1.2,1.6,1,0.8,0.3,0.3,1.5,8.9,,trentga02
210,Kent Bazemore,30,2TM,SF,68,21,24.8,2.9,7.9,0.375,1.2,3.6,0.344,1.7,4.3,0.4,0.453,1.7,2.2,0.769,0.4,3.9,4.3,1.4,1.1,0.6,1.3,2.9,8.8,,bazemke01
210,Kent Bazemore,30,POR,SF,43,21,25.8,2.6,7.6,0.347,1.3,4,0.327,1.3,3.6,0.368,0.433,1.3,1.7,0.806,0.3,3.7,4,1.4,1,0.7,1.4,2.8,7.9,,bazemke01
210,Kent Bazemore,30,SAC,SF,25,0,23.1,3.5,8.3,0.418,1.1,2.9,0.384,2.4,5.4,0.437,0.486,2.2,3,0.733,0.6,4.3,4.9,1.3,1.2,0.4,1.2,3,10.3,,bazemke01
211,Cameron Johnson,23,PHO,PF,57,9,22,3.1,7.1,0.435,1.9,4.8,0.39,1.2,2.3,0.526,0.565,0.8,1,0.807,0.9,2.4,3.3,1.2,0.6,0.4,0.6,1.5,8.8,,johnsca02
212,Jordan Poole,20,GSW,SG,57,14,22.4,2.9,8.8,0.333,1.3,4.6,0.279,1.6,4.2,0.392,0.406,1.7,2.1,0.798,0.2,1.9,2.1,2.4,0.6,0.2,1.3,1.6,8.8,,poolejo01
213,Austin Rivers,27,HOU,SG,68,4,23.4,3.1,7.4,0.421,1.4,4,0.356,1.7,3.4,0.498,0.517,1.1,1.6,0.703,0.4,2.2,2.6,1.7,0.7,0.1,0.7,1.9,8.8,,riverau01
214,Grayson Allen,24,MEM,SG,38,0,18.9,3.1,6.6,0.466,1.5,3.7,0.404,1.6,2.9,0.545,0.58,1,1.2,0.867,0.2,2,2.2,1.4,0.3,0.1,0.9,1.4,8.7,,allengr01
215,Moritz Wagner,22,WAS,C,45,5,18.6,3.2,5.9,0.545,0.6,1.8,0.313,2.7,4.1,0.645,0.592,1.7,2.1,0.821,1.2,3.6,4.9,1.2,0.6,0.4,1.5,3.4,8.7,,wagnemo01
216,Avery Bradley,29,LAL,SG,49,44,24.2,3.5,7.8,0.444,1.3,3.5,0.364,2.2,4.3,0.51,0.526,0.4,0.5,0.833,0.4,2,2.3,1.3,0.9,0.1,1,2.2,8.6,,bradlav01
217,Josh Okogie,21,MIN,SG,62,28,25,2.7,6.4,0.427,0.7,2.5,0.266,2.1,3.9,0.529,0.479,2.5,3.1,0.796,1.4,2.9,4.3,1.6,1.1,0.4,1.4,2.2,8.6,,okogijo01
218,Derrick Jones Jr.,22,MIA,SF,59,16,23.3,3.1,5.9,0.527,0.6,2.2,0.28,2.5,3.7,0.677,0.58,1.6,2.1,0.772,1.1,2.8,3.9,1.1,1,0.6,0.5,2.2,8.5,,jonesde02
219,James Johnson,32,2TM,PF,32,1,19.3,3.2,6.7,0.479,1,2.8,0.363,2.2,3.9,0.565,0.556,1,1.5,0.646,0.8,2.9,3.7,2.3,0.8,1,1.5,2.5,8.4,,johnsja01
219,James Johnson,32,MIA,PF,18,0,15.6,2.2,4.8,0.448,0.9,2.5,0.356,1.3,2.3,0.548,0.54,0.4,0.8,0.571,0.4,2.4,2.9,1.2,0.3,0.7,0.8,1.9,5.7,,johnsja01
219,James Johnson,32,MIN,C,14,1,24.1,4.6,9.1,0.5,1.2,3.3,0.37,3.4,5.9,0.573,0.566,1.6,2.4,0.676,1.2,3.5,4.7,3.8,1.4,1.4,2.4,3.3,12,,johnsja01
220,Justin Holiday,30,IND,SF,73,6,25,2.8,6.7,0.428,1.8,4.5,0.405,1,2.1,0.477,0.566,0.7,0.9,0.791,0.4,2.8,3.3,1.3,1.2,0.6,0.6,1.9,8.3,,holidju01
221,DeAndre Jordan,31,BRK,C,56,6,22,3.4,5.1,0.666,0,0,,3.4,5.1,0.666,0.666,1.5,2.2,0.68,2.5,7.5,10,1.9,0.3,0.9,1.3,2,8.3,,jordade01
222,E'Twaun Moore,30,NOP,SG,56,6,18.2,3.3,7.8,0.426,1.1,3,0.377,2.2,4.8,0.456,0.498,0.6,0.8,0.689,0.6,1.8,2.3,1.4,0.6,0.2,0.7,1.4,8.3,,mooreet01
223,Jeremy Pargo,33,GSW,PG,3,0,14.7,3.7,7.3,0.5,1,2.3,0.429,2.7,5,0.533,0.568,0,0.3,0,0.3,0.7,1,2.7,0.3,0,1.3,2.7,8.3,,pargoje01
224,Anfernee Simons,20,POR,SG,70,4,20.7,3.1,7.7,0.399,1.1,3.2,0.332,2,4.4,0.448,0.469,1.1,1.3,0.826,0.4,1.8,2.2,1.4,0.4,0.1,0.9,1.9,8.3,,simonan01
225,Ivica Zubac,22,LAC,C,72,70,18.4,3.3,5.3,0.613,0,0,0,3.3,5.3,0.616,0.613,1.7,2.3,0.747,2.7,4.8,7.5,1.1,0.2,0.9,0.8,2.3,8.3,,zubaciv01
226,Jalen Brunson,23,DAL,PG,57,16,17.9,3.2,6.8,0.466,0.8,2.1,0.358,2.4,4.7,0.515,0.522,1.1,1.3,0.813,0.4,2,2.4,3.3,0.4,0.1,1.2,1.3,8.2,,brunsja01
227,Kelly Olynyk,28,MIA,C,67,9,19.4,2.7,5.9,0.462,1.4,3.5,0.406,1.3,2.4,0.543,0.582,1.3,1.5,0.86,0.7,3.9,4.6,1.7,0.7,0.3,1.1,2.6,8.2,,olynyke01
228,Reggie Bullock,28,NYK,SG,29,19,23.6,3.1,7.7,0.402,1.3,3.8,0.333,1.8,3.9,0.469,0.484,0.6,0.7,0.81,0.4,1.9,2.3,1.4,0.9,0.1,0.7,1.9,8.1,,bullore01
229,Enes Freedom,27,BOS,C,58,7,16.9,3.4,6,0.572,0,0.1,0.143,3.4,5.9,0.581,0.573,1.2,1.7,0.707,2.8,4.6,7.4,1,0.4,0.7,1,1.7,8.1,,kanteen01
230,Jahlil Okafor,24,NOP,C,30,9,15.6,3.4,5.4,0.623,0,0.1,0.333,3.3,5.3,0.629,0.627,1.3,2.1,0.645,1.6,2.6,4.2,1.2,0.2,0.7,1.3,2.2,8.1,,okafoja01
231,Trevor Ariza,34,2TM,SF,53,21,28.2,2.7,6.1,0.438,1.5,3.9,0.372,1.2,2.2,0.556,0.557,1.2,1.4,0.838,0.6,4,4.6,1.7,1.3,0.3,1.1,2.1,8,,arizatr01
231,Trevor Ariza,34,SAC,SF,32,0,24.7,2,5.2,0.388,1.3,3.8,0.352,0.7,1.3,0.488,0.518,0.7,0.8,0.778,0.7,3.9,4.6,1.6,1.1,0.2,0.9,2,6,,arizatr01
231,Trevor Ariza,34,POR,SF,21,21,33.4,3.7,7.6,0.491,1.6,4,0.4,2.1,3.5,0.595,0.597,2,2.2,0.872,0.6,4.1,4.8,2,1.6,0.4,1.3,2.3,11,,arizatr01
232,Alex Len,26,2TM,C,55,12,17.6,3.2,5.8,0.555,0.3,1.1,0.271,2.9,4.7,0.619,0.58,1.2,1.9,0.648,1.8,4,5.8,0.9,0.4,0.9,1,2.3,8,,lenal01
232,Alex Len,26,ATL,C,40,9,18.6,3.6,6.5,0.546,0.4,1.4,0.25,3.2,5.1,0.627,0.573,1.3,2,0.63,1.7,4,5.8,1.1,0.5,0.8,1,2.3,8.7,,lenal01
232,Alex Len,26,SAC,C,15,3,15,2.3,3.9,0.593,0.1,0.2,0.667,2.2,3.7,0.589,0.61,1.1,1.6,0.708,2.1,4,6.1,0.5,0.2,1,1.1,2.3,5.9,,lenal01
233,Danny Green,32,LAL,SG,68,68,24.8,2.9,7,0.416,1.8,4.8,0.367,1.1,2.2,0.524,0.542,0.5,0.7,0.688,0.8,2.6,3.3,1.3,1.3,0.5,0.9,2,8,,greenda02
234,Draymond Green,29,GSW,PF,43,43,28.4,2.9,7.3,0.389,0.8,3,0.279,2,4.3,0.465,0.446,1.5,1.9,0.759,0.5,5.7,6.2,6.2,1.4,0.8,2.3,2.6,8,,greendr01
235,Tony Snell,28,DET,SF,59,57,27.8,2.9,6.5,0.445,1.7,4.3,0.402,1.2,2.2,0.531,0.579,0.5,0.5,1,0.2,1.7,1.9,2.2,0.5,0.3,0.5,1.7,8,,snellto01
236,Sindarius Thornwell,25,NOP,SF,2,0,17.5,3,5.5,0.545,1,2,0.5,2,3.5,0.571,0.636,1,2,0.5,0,2,2,2,0.5,0.5,1,1,8,,thornsi01
237,Patrick Beverley,31,LAC,PG,51,50,26.3,2.9,6.7,0.431,1.6,4,0.388,1.3,2.6,0.496,0.548,0.6,0.9,0.66,1.1,4.1,5.2,3.6,1.1,0.5,1.3,3.1,7.9,DPOY-6,beverpa01
238,Chandler Hutchison,23,CHI,SF,28,10,18.8,2.9,6.3,0.457,0.4,1.4,0.316,2.4,4.9,0.496,0.491,1.6,2.8,0.59,0.6,3.2,3.9,0.9,1,0.3,1,1.7,7.8,,hutchch01
239,Timothé Luwawu-Cabarrot,24,BRK,SF,47,2,18.1,2.5,5.7,0.435,1.3,3.4,0.388,1.2,2.3,0.505,0.55,1.5,1.7,0.852,0.6,2.1,2.7,0.6,0.4,0.1,0.8,2.3,7.8,,luwawti01
240,J.J. Barea,35,DAL,PG,29,6,15.5,2.9,7.1,0.411,1.1,2.9,0.376,1.8,4.2,0.434,0.488,0.7,0.8,0.909,0.3,1.5,1.8,3.9,0.2,0.1,1.3,0.9,7.7,,bareajo01
241,Jordan McLaughlin,23,MIN,PG,30,2,19.7,2.9,5.9,0.489,1,2.5,0.382,1.9,3.4,0.569,0.57,0.9,1.3,0.667,0.2,1.4,1.6,4.2,1.1,0.1,1,1,7.6,,mclaujo01
242,De'Anthony Melton,21,MEM,PG,60,8,19.5,2.7,6.7,0.401,0.7,2.3,0.286,2,4.4,0.464,0.451,1.6,2,0.769,0.7,3,3.7,2.9,1.3,0.3,1.4,1.8,7.6,,meltode01
243,Omari Spellman,22,GSW,C,49,3,18.1,2.6,6,0.431,0.9,2.2,0.391,1.7,3.8,0.454,0.503,1.5,1.9,0.793,1.6,2.9,4.5,1,0.7,0.5,1.1,1.3,7.6,,spellom01
244,Terence Davis,22,TOR,SG,72,4,16.8,2.8,6.1,0.456,1.3,3.4,0.388,1.5,2.7,0.541,0.564,0.7,0.8,0.864,0.7,2.6,3.3,1.6,0.5,0.2,1.1,1.7,7.5,ROY-6,daviste02
245,Marc Gasol,35,TOR,C,44,43,26.4,2.7,6.3,0.427,1.3,3.4,0.385,1.4,3,0.473,0.529,0.8,1.1,0.735,0.7,5.5,6.3,3.3,0.8,0.9,1.3,2.8,7.5,,gasolma01
246,Dwight Howard,34,LAL,C,69,2,18.9,2.9,4,0.729,0,0.1,0.6,2.9,3.9,0.732,0.735,1.6,3.1,0.514,2.5,4.9,7.3,0.7,0.4,1.1,1.2,3.2,7.5,6MOY-9,howardw01
247,Trey Burke,27,2TM,PG,33,1,15.8,2.8,6.3,0.45,1,2.3,0.427,1.9,4.1,0.463,0.526,0.7,0.9,0.793,0.5,1,1.5,2.5,0.5,0.1,0.6,1,7.4,,burketr01
247,Trey Burke,27,PHI,PG,25,0,13.2,2.4,5.1,0.465,0.6,1.5,0.421,1.7,3.6,0.483,0.528,0.5,0.7,0.722,0.6,0.8,1.4,2.1,0.3,0,0.5,0.8,5.9,,burketr01
247,Trey Burke,27,DAL,PG,8,1,23.9,4.4,10.3,0.427,2,4.6,0.432,2.4,5.6,0.422,0.524,1.3,1.4,0.909,0.1,1.8,1.9,3.8,1.1,0.1,1.1,1.5,12,,burketr01
248,Bismack Biyombo,27,CHO,C,53,29,19.4,2.8,5.2,0.543,0,0,,2.8,5.2,0.543,0.543,1.7,2.8,0.603,2.3,3.5,5.8,0.9,0.2,0.9,0.9,2.2,7.4,,biyombi01
249,Ky Bowman,22,GSW,PG,45,12,22.6,3,7.1,0.417,0.7,2.4,0.308,2.2,4.8,0.472,0.469,0.8,0.9,0.829,0.5,2.2,2.7,2.9,1,0.2,1.6,2.3,7.4,,bowmaky01
250,Gorgui Dieng,30,2TM,C,63,17,17.4,2.6,5.8,0.456,0.9,2.4,0.355,1.8,3.4,0.528,0.53,1.2,1.6,0.772,1.4,4.2,5.6,1.2,0.8,0.9,1,2,7.4,,dienggo01
250,Gorgui Dieng,30,MIN,C,46,17,16.9,2.7,6,0.448,1,2.6,0.383,1.7,3.4,0.497,0.531,1,1.3,0.797,1.6,4,5.6,1.3,0.8,0.9,1,1.9,7.4,,dienggo01
250,Gorgui Dieng,30,MEM,C,17,0,18.7,2.5,5.1,0.483,0.5,1.9,0.25,2,3.2,0.618,0.529,1.8,2.5,0.738,1.1,4.7,5.8,0.9,0.8,1,0.9,2.1,7.2,,dienggo01
251,Jaxson Hayes,19,NOP,C,64,14,16.9,2.7,4,0.672,0,0.1,0.25,2.7,4,0.678,0.674,1.9,3,0.647,1.5,2.5,4,0.9,0.4,0.9,0.8,2.5,7.4,,hayesja02
252,Tyus Jones,23,MEM,PG,65,6,19,3,6.6,0.459,0.7,1.9,0.379,2.3,4.7,0.492,0.514,0.7,0.9,0.741,0.1,1.4,1.6,4.4,0.9,0.1,0.8,0.7,7.4,,jonesty01
253,Ian Mahinmi,33,WAS,C,38,35,21.3,2.7,5.5,0.495,0.1,0.7,0.192,2.6,4.8,0.538,0.507,1.8,3,0.619,2.1,3.7,5.7,1.3,0.8,1.2,1.2,3,7.4,,mahinia01
254,Wesley Matthews,33,MIL,SG,67,67,24.4,2.5,6.3,0.396,1.6,4.4,0.364,0.9,1.9,0.472,0.524,0.8,1,0.765,0.3,2.1,2.5,1.4,0.6,0.1,0.6,1.5,7.4,,matthwe02
255,Nerlens Noel,25,OKC,C,61,7,18.5,3,4.4,0.684,0,0,0.333,3,4.4,0.688,0.686,1.3,1.7,0.755,1.5,3.4,4.9,0.9,1,1.5,1.1,2.7,7.4,,noelne01
256,Brandon Knight,28,2TM,SG,25,3,18.5,2.4,6.7,0.353,1.8,5.2,0.344,0.6,1.4,0.389,0.488,0.8,1.4,0.588,0.2,1.5,1.6,2.8,0.4,0.1,1.5,1.6,7.3,,knighbr03
256,Brandon Knight,28,CLE,SG,16,0,15.1,1.8,5.4,0.326,1.2,4,0.297,0.6,1.4,0.409,0.436,0.3,0.8,0.308,0.2,1.1,1.3,1.9,0.3,0.1,1,1.3,4.9,,knighbr03
256,Brandon Knight,28,DET,PG,9,3,24.6,3.4,9,0.383,2.9,7.4,0.388,0.6,1.6,0.357,0.543,1.8,2.3,0.762,0.1,2.2,2.3,4.2,0.6,0.1,2.4,2.2,11.6,,knighbr03
257,Kris Dunn,25,CHI,PG,51,32,24.9,3,6.7,0.444,0.6,2.2,0.259,2.4,4.5,0.535,0.487,0.8,1.1,0.741,0.5,3.2,3.6,3.4,2,0.3,1.3,3.1,7.3,,dunnkr01
258,Emmanuel Mudiay,23,UTA,PG,54,2,15.7,2.8,6.1,0.462,0.6,1.6,0.345,2.2,4.4,0.504,0.508,1.2,1.5,0.759,0.3,2,2.3,2.1,0.4,0.2,1.4,1.3,7.3,,mudiaem01
259,Willie Cauley-Stein,26,2TM,C,54,39,20.3,3.2,5.6,0.579,0,0,0,3.2,5.6,0.581,0.579,0.7,1.2,0.606,1.6,4.3,5.8,1.3,0.9,1.1,0.7,2.2,7.2,,caulewi01
259,Willie Cauley-Stein,26,GSW,C,41,37,22.9,3.5,6.3,0.56,0,0,,3.5,6.3,0.56,0.56,0.9,1.4,0.614,1.7,4.5,6.2,1.5,1.1,1.2,0.9,2.5,7.9,,caulewi01
259,Willie Cauley-Stein,26,DAL,C,13,2,12.1,2.4,3.5,0.689,0,0.1,0,2.4,3.4,0.705,0.689,0.4,0.7,0.556,1,3.6,4.6,0.8,0.3,0.8,0.4,1.5,5.2,,caulewi01
260,Michael Carter-Williams,28,ORL,SG,45,0,18.5,2.5,5.8,0.427,0.5,1.7,0.293,2,4.1,0.481,0.469,1.8,2.1,0.832,1,2.2,3.3,2.4,1.1,0.5,1.2,1.9,7.2,,cartemi01
261,Mason Plumlee,29,DEN,C,61,1,17.3,2.9,4.7,0.615,0,0.1,0,2.9,4.6,0.625,0.615,1.4,2.5,0.535,1.6,3.6,5.2,2.5,0.5,0.6,1.3,2.3,7.2,,plumlma01
262,Jeremiah Martin,23,BRK,PG,9,0,11,2.7,5.9,0.453,0.6,2,0.278,2.1,3.9,0.543,0.5,1.2,1.6,0.786,0.1,1,1.1,2,0.8,0.2,0.4,0.8,7.1,,martije02
263,Rajon Rondo,33,LAL,PG,48,3,20.5,2.9,6.8,0.418,0.9,2.6,0.328,2,4.2,0.473,0.48,0.6,0.9,0.659,0.5,2.5,3,5,0.8,0,1.9,1.2,7.1,,rondora01
264,Tyler Johnson,27,2TM,SG,39,7,18.2,2.5,6.4,0.388,1,3.1,0.319,1.5,3.4,0.45,0.464,1.1,1.3,0.84,0.5,1.5,1.9,1.9,0.4,0.2,0.7,1.5,7,,johnsty01
264,Tyler Johnson,27,PHO,PG,31,3,16.6,2.1,5.5,0.38,0.8,2.7,0.289,1.3,2.8,0.466,0.45,0.8,1,0.75,0.3,1.4,1.7,1.6,0.4,0.3,0.8,1.4,5.7,,johnsty01
264,Tyler Johnson,27,BRK,SG,8,4,24.3,4,9.9,0.405,1.8,4.5,0.389,2.3,5.4,0.419,0.494,2.3,2.3,1,1,2,3,3,0.5,0.1,0.6,1.9,12,,johnsty01
265,Zach Collins,22,POR,PF,11,11,26.4,2.9,6.2,0.471,0.6,1.7,0.368,2.3,4.5,0.51,0.522,0.5,0.7,0.75,2.3,4,6.3,1.5,0.5,0.5,1.3,3.3,7,,colliza01
266,Rondae Hollis-Jefferson,25,TOR,PF,60,6,18.7,2.6,5.5,0.471,0.1,0.4,0.13,2.5,5.1,0.497,0.476,1.8,2.4,0.734,1.8,2.9,4.7,1.8,0.8,0.4,1,1.9,7,,holliro01
267,Hamidou Diallo,21,OKC,SF,46,3,19.5,2.9,6.4,0.446,0.3,1.2,0.281,2.5,5.2,0.485,0.473,0.8,1.4,0.603,1,2.7,3.6,0.8,0.8,0.2,1.1,2.2,6.9,,diallha01
268,Harry Giles,21,SAC,C,46,17,14.5,3,5.5,0.554,0,0,0,3,5.4,0.558,0.554,0.8,1.1,0.776,0.9,3.2,4.1,1.3,0.5,0.4,1,2.6,6.9,,gilesha01
269,Frank Mason III,25,MIL,PG,9,0,13.1,2.6,5.7,0.451,0.7,2.3,0.286,1.9,3.3,0.567,0.51,1.1,1.9,0.588,0.6,1.6,2.1,3.2,0.6,0.1,1.2,1.2,6.9,,masonfr01
270,P.J. Tucker,34,HOU,PF,72,72,34.3,2.5,5.9,0.415,1.5,4.2,0.358,1,1.8,0.551,0.541,0.5,0.7,0.813,1.6,5.1,6.6,1.6,1.1,0.5,1,3.2,6.9,,tuckepj01
271,Brad Wanamaker,30,BOS,PG,71,1,19.3,2.3,5.1,0.448,0.5,1.4,0.363,1.8,3.7,0.481,0.499,1.8,1.9,0.926,0.3,1.7,2,2.5,0.9,0.2,1.1,1.9,6.9,,wanambr01
272,Delon Wright,27,DAL,PG,73,5,21.5,2.6,5.6,0.462,0.6,1.7,0.37,2,3.9,0.504,0.519,1.1,1.4,0.77,1,2.9,3.8,3.3,1.2,0.3,1,1.3,6.9,,wrighde01
273,Luguentz Dort,20,OKC,SF,36,28,22.8,2.4,6.1,0.394,0.8,2.8,0.297,1.6,3.3,0.479,0.463,1.2,1.5,0.792,0.7,1.6,2.3,0.8,0.9,0.1,0.6,2.7,6.8,,dortlu01
274,JaMychal Green,29,LAC,PF,63,1,20.7,2.4,5.6,0.429,1.5,3.8,0.387,0.9,1.8,0.518,0.56,0.6,0.8,0.75,1.2,4.9,6.2,0.8,0.5,0.4,0.9,2.8,6.8,,greenja01
275,Denzel Valentine,26,CHI,SF,36,5,13.6,2.7,6.6,0.409,1.3,3.8,0.336,1.4,2.8,0.51,0.506,0.2,0.2,0.75,0.3,1.8,2.1,1.2,0.7,0.2,0.7,1.4,6.8,,valende01
276,Dragan Bender,22,2TM,PF,16,3,17.9,2.6,5.8,0.446,0.9,2.7,0.349,1.6,3.1,0.531,0.527,0.6,0.9,0.714,1,3.6,4.6,1.8,0.3,0.6,1.3,2.6,6.7,,bendedr01
276,Dragan Bender,22,MIL,C,7,0,13,1.4,3,0.476,0.6,1.3,0.444,0.9,1.7,0.5,0.571,0.3,0.4,0.667,0,2.9,2.9,1.3,0,0.7,0.7,2.3,3.7,,bendedr01
276,Dragan Bender,22,GSW,PF,9,3,21.7,3.4,7.9,0.437,1.2,3.8,0.324,2.2,4.1,0.541,0.514,0.9,1.2,0.727,1.8,4.1,5.9,2.1,0.4,0.4,1.8,2.9,9,,bendedr01
277,Damyean Dotson,25,NYK,SG,48,0,17.4,2.5,6,0.414,1.2,3.4,0.362,1.3,2.6,0.48,0.516,0.5,0.7,0.667,0.2,1.7,1.9,1.2,0.5,0.1,0.4,0.9,6.7,,dotsoda01
278,Kyle Korver,38,MIL,SF,58,1,16.6,2.2,5.1,0.43,1.7,4.1,0.418,0.5,1,0.482,0.599,0.6,0.7,0.854,0.3,1.8,2.1,1.2,0.4,0.2,0.8,1.3,6.7,,korveky01
279,James Ennis III,29,2TM,SG,69,18,18.3,2.3,5.2,0.446,0.8,2.4,0.325,1.5,2.8,0.553,0.522,1.1,1.4,0.806,1,2.5,3.6,0.9,0.5,0.3,0.8,2,6.6,,ennisja01
279,James Ennis III,29,PHI,SF,49,0,15.8,2,4.6,0.442,0.8,2.2,0.349,1.3,2.4,0.525,0.524,1,1.2,0.787,1,2.1,3.1,0.8,0.5,0.3,0.6,1.7,5.8,,ennisja01
279,James Ennis III,29,ORL,SG,20,18,24.5,3,6.7,0.451,0.9,3.2,0.286,2.1,3.5,0.6,0.519,1.6,1.9,0.838,1.2,3.6,4.8,1.1,0.6,0.4,1.4,2.6,8.5,,ennisja01
280,Chris Boucher,27,TOR,C,62,0,13.2,2.3,4.8,0.472,0.6,1.9,0.322,1.7,2.9,0.569,0.535,1.5,1.9,0.784,1.7,2.7,4.5,0.4,0.4,1,0.5,1.8,6.6,,bouchch01
281,Ersan İlyasova,32,MIL,PF,63,8,15.7,2.3,5,0.466,0.8,2.2,0.365,1.5,2.8,0.545,0.546,1.1,1.4,0.828,1,3.8,4.8,0.8,0.4,0.3,0.5,1.5,6.6,,ilyaser01
282,Boban Marjanović,31,DAL,C,44,5,9.6,2.8,4.8,0.573,0.1,0.4,0.235,2.7,4.4,0.603,0.583,1,1.3,0.754,1.5,3,4.5,0.5,0.2,0.2,0.7,1.3,6.6,,marjabo01
283,JaVale McGee,32,LAL,C,68,68,16.6,2.9,4.5,0.637,0,0.1,0.5,2.8,4.4,0.64,0.642,0.8,1.2,0.646,1.8,3.9,5.7,0.5,0.5,1.4,0.8,2.3,6.6,,mcgeeja01
284,Nicolò Melli,29,NOP,C,60,8,17.4,2.3,5.4,0.421,1.2,3.4,0.335,1.1,2,0.573,0.528,0.9,1.2,0.74,0.6,2.4,3,1.4,0.6,0.4,0.8,2.1,6.6,,mellini01
285,Keita Bates-Diop,24,2TM,SF,44,0,16.9,2.3,5.3,0.427,0.8,2.3,0.33,1.5,3,0.504,0.5,1.2,1.7,0.72,0.6,2.3,2.9,0.7,0.4,0.5,0.4,1,6.5,,bateske01
285,Keita Bates-Diop,24,MIN,PF,37,0,17.5,2.4,5.6,0.422,0.8,2.5,0.33,1.5,3,0.5,0.498,1.2,1.8,0.708,0.6,2.4,3,0.8,0.5,0.5,0.4,1,6.8,,bateske01
285,Keita Bates-Diop,24,DEN,SF,7,0,14,1.9,4,0.464,0.4,1.3,0.333,1.4,2.7,0.526,0.518,1.1,1.4,0.8,0.6,1.9,2.4,0,0.3,0.6,0.4,1,5.3,,bateske01
286,T.J. McConnell,27,IND,PG,71,3,18.7,3,5.8,0.516,0.1,0.2,0.294,2.9,5.5,0.525,0.522,0.5,0.6,0.833,0.5,2.1,2.7,5,0.8,0.2,1.4,1,6.5,,mccontj01
287,Allonzo Trier,24,NYK,SG,24,1,12.1,2.1,4.4,0.481,0.8,2.2,0.358,1.3,2.2,0.604,0.571,1.4,1.8,0.791,0.3,1,1.2,1.2,0.1,0.2,0.9,1.2,6.5,,trieral01
288,Sekou Doumbouya,19,DET,PF,38,19,19.8,2.4,6.2,0.39,0.7,2.6,0.286,1.7,3.6,0.464,0.449,0.8,1.2,0.674,0.5,2.6,3.1,0.5,0.5,0.2,0.9,2.1,6.4,,doumbse01
289,Cory Joseph,28,SAC,PG,72,26,24.4,2.4,5.7,0.415,0.8,2.2,0.352,1.6,3.5,0.455,0.483,0.8,1,0.857,0.6,2,2.6,3.5,0.7,0.3,1.1,1.8,6.4,,josepco01
290,Kevin Knox,20,NYK,SF,65,4,17.9,2.2,6.2,0.359,1,3.1,0.327,1.2,3.1,0.391,0.44,1,1.6,0.653,0.4,2.4,2.8,0.9,0.4,0.4,0.7,1.6,6.4,,knoxke01
291,Trey Lyles,24,SAS,PF,63,53,20.2,2.4,5.4,0.446,1,2.7,0.387,1.4,2.8,0.503,0.541,0.5,0.7,0.733,1.1,4.6,5.7,1.1,0.4,0.4,0.6,1.6,6.4,,lylestr01
292,Kelan Martin,24,MIN,SF,31,4,16,2.3,5.8,0.392,0.8,3.1,0.26,1.5,2.7,0.541,0.461,1,1,0.968,0.4,2.7,3.1,0.7,0.2,0.3,0.6,1.6,6.4,,martike03
293,C.J. Miles,32,WAS,SF,10,0,16.1,1.9,5.9,0.322,1.1,3.5,0.314,0.8,2.4,0.333,0.415,1.5,2,0.75,0.4,0.8,1.2,1.2,1,0.4,0.4,1.4,6.4,,milescj01
294,Lonnie Walker IV,21,SAS,SG,61,12,16.2,2.5,5.9,0.426,0.7,1.7,0.406,1.8,4.2,0.434,0.483,0.7,1,0.721,0.4,1.9,2.3,1.1,0.5,0.2,0.7,1.3,6.4,,walkelo01
295,Marco Belinelli,33,SAS,SG,57,0,15.5,2.2,5.5,0.392,1.2,3.1,0.376,1,2.4,0.412,0.498,0.8,1,0.828,0.1,1.6,1.7,1.2,0.2,0,0.3,0.8,6.3,,belinma01
296,Frank Jackson,21,NOP,PG,59,2,13.5,2.3,5.6,0.405,0.8,2.4,0.326,1.5,3.2,0.465,0.476,0.9,1.3,0.747,0.4,1,1.4,1,0.3,0.1,0.8,1.3,6.3,,jacksfr01
297,Abdel Nader,26,OKC,SF,55,6,15.8,2.2,4.8,0.468,0.9,2.3,0.375,1.4,2.5,0.556,0.559,0.9,1.2,0.773,0.3,1.6,1.8,0.7,0.4,0.4,0.8,1.4,6.3,,naderab01
298,Frank Ntilikina,21,NYK,PG,57,26,20.8,2.3,5.8,0.393,0.8,2.4,0.321,1.5,3.4,0.444,0.459,0.9,1,0.864,0.4,1.7,2.1,3,0.9,0.3,1.2,2.5,6.3,,ntilila01
299,Royce O'Neale,26,UTA,SF,71,62,28.9,2.2,5.1,0.433,1.3,3.4,0.377,0.9,1.7,0.545,0.559,0.6,0.8,0.764,0.4,5.1,5.5,2.5,0.8,0.5,0.9,2.8,6.3,,onealro01
300,Caleb Martin,24,CHO,SF,18,1,17.6,2.1,4.7,0.44,1.1,2.1,0.541,0.9,2.6,0.362,0.56,0.9,1.2,0.81,0.6,1.6,2.1,1.3,0.7,0.4,0.8,1.8,6.2,,martica02
301,Taj Gibson,34,NYK,C,62,56,16.5,2.7,4.6,0.584,0.1,0.2,0.286,2.6,4.4,0.599,0.591,0.7,0.9,0.732,1.8,2.5,4.3,0.8,0.4,0.5,0.8,2,6.1,,gibsota01
302,Brandon Goodwin,24,ATL,PG,34,1,12.6,2.2,5.6,0.4,0.8,2.6,0.299,1.5,3,0.485,0.468,0.8,0.9,0.933,0.3,1.8,2.1,1.5,0.4,0.1,0.9,1.3,6.1,,goodwbr01
303,Willy Hernangómez,25,CHO,C,31,0,12.1,2.4,4.5,0.532,0.2,0.7,0.227,2.2,3.8,0.59,0.55,1.2,1.9,0.627,1.4,2.9,4.3,0.9,0.3,0.2,1,1,6.1,,hernawi01
304,Meyers Leonard,27,MIA,C,51,49,20.3,2.3,4.6,0.509,1,2.5,0.414,1.3,2.1,0.623,0.622,0.4,0.5,0.643,0.6,4.5,5.1,1.1,0.3,0.3,0.8,2.1,6.1,,leoname01
305,Juancho Hernangómez,24,2TM,PF,48,14,17.4,2.1,5.1,0.405,0.9,2.7,0.341,1.2,2.5,0.475,0.494,0.9,1.5,0.62,0.9,3.2,4.1,0.8,0.4,0.2,0.7,1.3,6,,hernaju01
305,Juancho Hernangómez,24,DEN,PF,34,0,12.4,1.1,3.2,0.345,0.4,1.8,0.25,0.7,1.5,0.46,0.414,0.5,0.7,0.64,0.7,2.1,2.8,0.6,0.1,0.1,0.5,0.9,3.1,,hernaju01
305,Juancho Hernangómez,24,MIN,PF,14,14,29.4,4.4,9.8,0.453,2.1,4.9,0.42,2.4,4.9,0.485,0.558,2,3.3,0.609,1.4,5.9,7.3,1.3,1,0.3,1,2.5,12.9,,hernaju01
306,Devontae Cacok,23,LAL,C,1,0,9,3,6,0.5,0,0,,3,6,0.5,0.5,0,0,,2,3,5,1,0,0,0,0,6,,cacokde01
307,Dusty Hannahs,26,MEM,SG,2,0,6.5,2,4.5,0.444,1,1.5,0.667,1,3,0.333,0.556,1,1,1,0,0.5,0.5,0,0,0,0,0.5,6,,hannadu01
308,Luke Kornet,24,CHI,C,36,14,15.5,2.3,5.2,0.439,0.9,3,0.287,1.4,2.2,0.646,0.521,0.6,0.8,0.714,0.6,1.7,2.3,0.9,0.3,0.7,0.4,1.5,6,,kornelu01
309,Eric Mika,25,SAC,C,1,0,19,2,3,0.667,0,0,,2,3,0.667,0.667,2,2,1,2,5,7,0,0,0,0,5,6,,mikaer01
310,Mike Scott,31,PHI,PF,68,11,17.8,2.2,5.1,0.426,1.2,3.2,0.369,1,2,0.519,0.54,0.4,0.5,0.811,1,2.7,3.6,0.8,0.3,0.1,0.4,1.4,6,,scottmi01
311,Marvin Williams,33,2TM,PF,58,1,19.5,2.1,4.6,0.446,1,2.7,0.359,1.1,1.9,0.568,0.551,0.8,1,0.86,0.5,2.6,3.2,1,0.6,0.5,0.6,1.8,5.9,,willima02
311,Marvin Williams,33,CHO,PF,41,1,19.7,2.3,5.1,0.448,1.1,2.9,0.376,1.2,2.3,0.538,0.552,1,1.2,0.86,0.4,2.3,2.7,1,0.6,0.5,0.6,1.7,6.7,,willima02
311,Marvin Williams,33,MIL,PF,17,0,18.9,1.5,3.4,0.439,0.7,2.3,0.308,0.8,1.1,0.722,0.544,0.4,0.4,0.857,0.9,3.5,4.4,1.1,0.6,0.5,0.5,1.9,4,,willima02
312,Wilson Chandler,32,BRK,PF,35,3,21,2.1,5.2,0.404,1.1,3.5,0.306,1.1,1.8,0.597,0.505,0.6,0.7,0.87,0.3,3.8,4.1,1.1,0.5,0.3,1,2.3,5.9,,chandwi01
313,Georges Niang,26,UTA,PF,66,1,14,2.1,4.9,0.438,1.4,3.4,0.4,0.8,1.5,0.526,0.578,0.3,0.4,0.833,0.2,1.7,1.9,0.7,0.3,0.1,0.5,1.1,5.9,,niangge01
314,Dewayne Dedmon,30,2TM,C,44,18,17.6,2.3,5.8,0.4,0.5,2.4,0.206,1.8,3.4,0.541,0.443,0.7,0.8,0.833,1.4,4.3,5.7,0.5,0.6,0.9,1.3,3,5.8,,dedmode01
314,Dewayne Dedmon,30,SAC,C,34,10,15.9,2,5,0.404,0.4,2.1,0.197,1.6,2.9,0.55,0.444,0.7,0.8,0.821,1.4,3.6,4.9,0.4,0.4,0.8,1.4,2.7,5.1,,dedmode01
314,Dewayne Dedmon,30,ATL,C,10,8,23.3,3.3,8.4,0.393,0.8,3.6,0.222,2.5,4.8,0.521,0.44,0.7,0.8,0.875,1.4,6.8,8.2,0.7,1,1.5,1,4,8.1,,dedmode01
315,Maurice Harkless,26,2TM,PF,62,48,23,2.3,4.6,0.502,0.5,1.6,0.347,1.7,3,0.584,0.562,0.6,1.1,0.591,0.9,3,3.9,1.1,0.9,0.5,0.9,2.4,5.8,,harklma01
315,Maurice Harkless,26,LAC,PF,50,38,22.8,2.2,4.3,0.516,0.5,1.5,0.37,1.7,2.9,0.59,0.578,0.5,0.8,0.571,0.9,3.1,4,1,1,0.6,0.9,2.4,5.5,,harklma01
315,Maurice Harkless,26,NYK,SF,12,10,23.8,2.5,5.5,0.455,0.6,2.1,0.28,1.9,3.4,0.561,0.508,1.3,2,0.625,0.7,2.7,3.3,1.7,0.8,0.3,0.6,2.3,6.8,,harklma01
316,Kyle Anderson,26,MEM,SF,67,28,19.9,2.3,4.9,0.474,0.4,1.3,0.282,2,3.7,0.541,0.511,0.8,1.2,0.667,0.9,3.4,4.3,2.4,0.8,0.6,1,1.7,5.8,,anderky01
317,DeAndre' Bembry,25,ATL,SG,43,4,21.3,2.4,5.3,0.456,0.3,1.5,0.231,2.1,3.8,0.546,0.489,0.6,1.1,0.542,0.8,2.7,3.5,1.9,1.3,0.4,1.4,2,5.8,,bembrde01
318,PJ Dozier,23,DEN,SG,29,0,14.2,2.2,5.4,0.414,0.6,1.7,0.347,1.7,3.7,0.444,0.468,0.7,1,0.724,0.3,1.6,1.9,2.2,0.5,0.2,0.9,1.6,5.8,,doziepj01
319,Wes Iwundu,25,ORL,SF,52,21,18.3,1.9,4.5,0.416,0.5,1.6,0.341,1.3,2.9,0.457,0.476,1.5,1.9,0.804,0.5,2.1,2.5,1.2,0.5,0.3,0.5,1.5,5.8,,iwundwe01
320,Skal Labissière,23,POR,C,33,1,17.2,2.5,4.5,0.551,0.1,0.4,0.231,2.4,4.1,0.582,0.561,0.8,1,0.758,2,3.2,5.1,1.3,0.2,0.9,0.9,2.7,5.8,,labissk01
321,Anžejs Pasečņiks,24,WAS,C,27,0,16.2,2.3,4.3,0.526,0,0.1,0,2.3,4.2,0.54,0.526,1.3,2.1,0.586,1.6,2.4,4,0.7,0.3,0.4,0.9,2.8,5.8,,pasecan01
322,Nickeil Alexander-Walker,21,NOP,SG,47,1,12.6,2.1,5.7,0.368,1,2.8,0.346,1.1,2.8,0.391,0.455,0.5,0.8,0.676,0.2,1.6,1.8,1.9,0.4,0.2,1.1,1.2,5.7,,alexani01
323,Dwayne Bacon,24,CHO,SG,39,11,17.6,2.2,6.3,0.348,0.5,1.7,0.284,1.7,4.5,0.373,0.387,0.9,1.4,0.66,0.4,2.2,2.6,1.3,0.6,0.1,0.9,1.3,5.7,,bacondw01
324,Bol Bol,20,DEN,PF,7,0,12.4,2,4,0.5,0.6,1.3,0.444,1.4,2.7,0.526,0.571,1.1,1.4,0.8,0.7,2,2.7,0.9,0.3,0.9,1.4,1.6,5.7,,bolbo01
325,Talen Horton-Tucker,19,LAL,SG,6,1,13.5,2.3,5,0.467,0.7,2.2,0.308,1.7,2.8,0.588,0.533,0.3,0.7,0.5,0.3,0.8,1.2,1,1.3,0.2,1,1.7,5.7,,hortota01
326,Darius Bazley,19,OKC,PF,61,9,18.5,2,5.2,0.394,0.8,2.3,0.348,1.2,2.9,0.432,0.472,0.7,1,0.694,0.5,3.5,4,0.7,0.4,0.7,0.7,0.9,5.6,,bazleda01
327,Damian Jones,24,ATL,C,55,27,16.1,2.2,3.2,0.68,0,0.2,0.222,2.2,3.1,0.704,0.685,1.1,1.5,0.738,1.3,2.4,3.7,0.6,0.5,0.7,0.5,2.7,5.6,,jonesda03
328,Jalen McDaniels,22,CHO,SF,16,0,18.3,2.1,4.4,0.471,0.6,1.5,0.375,1.5,2.9,0.522,0.536,0.9,1.1,0.824,0.9,3.1,4.1,0.8,0.5,0.2,0.7,2.3,5.6,,mcdanja01
329,Jakob Poeltl,24,SAS,C,66,18,17.7,2.5,4,0.624,0,0,,2.5,4,0.624,0.624,0.6,1.3,0.465,2,3.7,5.7,1.8,0.6,1.4,0.8,1.9,5.6,,poeltja01
330,John Henson,29,2TM,C,40,8,15,2.4,4.3,0.556,0.2,0.9,0.222,2.2,3.4,0.644,0.579,0.6,1.2,0.5,1.2,2.9,4.1,1.4,0.6,1.1,0.9,2,5.5,,hensojo01
330,John Henson,29,CLE,C,29,2,14.2,2.1,4.1,0.508,0.2,1.1,0.194,1.9,3.1,0.618,0.533,0.6,1.1,0.515,1.1,2.8,3.9,1.5,0.6,1.1,0.7,1.9,5,,hensojo01
330,John Henson,29,DET,C,11,6,17.1,3.1,4.6,0.667,0.2,0.5,0.4,2.9,4.2,0.696,0.686,0.5,1.2,0.462,1.3,3.1,4.4,1,0.7,0.9,1.4,2.1,6.9,,hensojo01
331,Solomon Hill,28,2TM,PF,59,4,18.4,1.9,4.7,0.396,1.1,2.9,0.368,0.8,1.8,0.439,0.509,0.7,0.9,0.741,0.5,2.3,2.8,1.8,0.7,0.2,0.9,1.4,5.5,,hillso01
331,Solomon Hill,28,MEM,PF,48,3,18.8,2,4.9,0.412,1.2,3.1,0.381,0.8,1.8,0.465,0.532,0.5,0.8,0.684,0.5,2.5,3,2,0.6,0.1,0.8,1.5,5.7,,hillso01
331,Solomon Hill,28,MIA,PF,11,1,17,1.3,4.1,0.311,0.6,2.2,0.292,0.6,1.9,0.333,0.389,1.3,1.5,0.875,0.5,1.5,1.9,0.9,1.1,0.5,1,1.1,4.5,,hillso01
332,Alex Caruso,25,LAL,PG,64,2,18.4,1.9,4.5,0.412,0.6,1.9,0.333,1.3,2.7,0.468,0.481,1.1,1.5,0.734,0.3,1.7,1.9,1.9,1.1,0.3,0.8,1.5,5.5,,carusal01
333,Justin Jackson,24,DAL,PF,65,3,16.1,2.1,5.2,0.396,0.7,2.5,0.294,1.3,2.7,0.489,0.466,0.6,0.8,0.84,0.4,2,2.4,0.8,0.2,0.2,0.2,1.1,5.5,,jacksju01
334,Dennis Smith Jr.,22,NYK,PG,34,3,15.8,2.1,6.2,0.341,0.5,1.6,0.296,1.6,4.6,0.357,0.379,0.8,1.6,0.509,0.6,1.7,2.3,2.9,0.8,0.2,1.7,1.9,5.5,,smithde03
335,Mo Bamba,21,ORL,C,62,0,14.2,2.1,4.6,0.462,0.6,1.7,0.346,1.5,2.9,0.531,0.526,0.5,0.7,0.674,1.6,3.3,4.9,0.7,0.4,1.4,0.7,1.9,5.4,,bambamo01
336,Pat Connaughton,27,MIL,SG,67,4,18.6,2,4.5,0.455,0.8,2.5,0.331,1.2,2,0.607,0.547,0.5,0.6,0.775,0.9,3.3,4.2,1.6,0.4,0.5,0.8,1,5.4,,connapa01
337,Torrey Craig,29,DEN,SF,58,27,18.5,2.1,4.6,0.461,0.8,2.4,0.326,1.4,2.3,0.603,0.545,0.4,0.6,0.611,1.1,2.2,3.3,0.8,0.4,0.6,0.4,2.3,5.4,,craigto01
338,Robin Lopez,31,MIL,C,66,5,14.5,2.2,4.5,0.492,0.5,1.6,0.333,1.7,2.9,0.577,0.55,0.4,0.8,0.528,0.8,1.6,2.4,0.7,0.2,0.7,1,1.5,5.4,,lopezro01
339,Garrison Mathews,23,WAS,SG,18,0,12.6,1.3,3.1,0.429,1.1,2.6,0.413,0.3,0.6,0.5,0.598,1.7,1.9,0.912,0.3,1,1.3,0.6,0.4,0.1,0.4,1.8,5.4,,mathega01
340,Luka Šamanić,20,SAS,PF,3,1,16,1.7,5.3,0.313,1,2.7,0.375,0.7,2.7,0.25,0.406,1,1.3,0.75,0.3,3,3.3,2,0,0.7,0.7,2,5.3,,samanlu01
341,Juan Toscano-Anderson,26,GSW,SG,13,6,20.9,2.2,4.8,0.46,0.6,1.8,0.348,1.6,3.1,0.525,0.524,0.2,0.4,0.6,0.7,3.3,4,2,1,0.4,1.2,2.3,5.3,,toscaju01
342,David Nwaba,27,BRK,SF,20,0,13.4,1.9,3.6,0.521,0.6,1.4,0.429,1.3,2.2,0.581,0.606,0.9,1.4,0.667,0.4,1.9,2.3,0.4,0.6,0.6,0.4,1.6,5.2,,nwabada01
343,Robert Williams,22,BOS,C,29,1,13.4,2.2,3,0.727,0,0,,2.2,3,0.727,0.727,0.8,1.2,0.647,1.4,3,4.4,0.9,0.8,1.2,0.7,1.8,5.2,,williro04
344,Jerome Robinson,22,2TM,SG,63,6,15.5,1.8,4.9,0.371,0.8,2.4,0.32,1,2.5,0.42,0.45,0.6,0.9,0.702,0.2,1.8,2,1.4,0.4,0.3,0.8,1.8,5.1,,robinje01
344,Jerome Robinson,22,LAC,SG,42,1,11.3,1.1,3.2,0.338,0.5,1.6,0.284,0.6,1.6,0.391,0.408,0.3,0.5,0.579,0.1,1.3,1.4,1.1,0.3,0.2,0.6,1.3,2.9,,robinje01
344,Jerome Robinson,22,WAS,SG,21,5,24,3.3,8.3,0.397,1.4,4.1,0.349,1.9,4.2,0.443,0.483,1.4,1.8,0.763,0.4,2.9,3.3,2,0.7,0.4,1.1,2.7,9.4,,robinje01
345,Chris Chiozza,24,2TM,PG,28,2,14.3,2,5,0.393,1,2.6,0.375,1,2.4,0.412,0.489,0.2,0.2,1,0.3,1.6,1.9,3,0.8,0.1,1.1,1.3,5.1,,chiozch01
345,Chris Chiozza,24,WAS,PG,10,0,12.3,1,3.4,0.294,0.7,1.6,0.438,0.3,1.8,0.167,0.397,0,0,,0,1.5,1.5,2.8,1,0.2,0.9,1.2,2.7,,chiozch01
345,Chris Chiozza,24,BRK,PG,18,2,15.4,2.5,5.9,0.425,1.1,3.1,0.357,1.4,2.8,0.5,0.519,0.3,0.3,1,0.5,1.6,2.1,3.1,0.6,0.1,1.3,1.4,6.4,,chiozch01
346,Sterling Brown,24,MIL,SF,52,1,14.8,1.8,4.9,0.371,0.8,2.6,0.324,1,2.3,0.425,0.457,0.6,0.8,0.8,0.6,2.9,3.5,1,0.6,0.1,0.8,1,5.1,,brownst02
347,Quinn Cook,26,LAL,PG,44,1,11.5,2.1,4.9,0.425,0.7,1.9,0.365,1.4,2.9,0.465,0.498,0.3,0.3,0.786,0.3,0.9,1.2,1.1,0.3,0,0.8,0.6,5.1,,cookqu01
348,Wayne Ellington,32,NYK,SG,36,1,15.5,1.7,4.8,0.351,1.4,4,0.35,0.3,0.9,0.355,0.494,0.3,0.4,0.846,0.1,1.7,1.8,1.2,0.4,0.1,0.5,1.1,5.1,,ellinwa01
349,Daniel Gafford,21,CHI,C,43,7,14.2,2.2,3.1,0.701,0,0,,2.2,3.1,0.701,0.701,0.7,1.4,0.533,1.2,1.3,2.5,0.5,0.3,1.3,0.7,2.3,5.1,,gaffoda01
350,Raul Neto,27,PHI,PG,54,3,12.4,1.9,4.1,0.455,0.6,1.6,0.386,1.2,2.5,0.5,0.532,0.7,0.9,0.83,0.2,0.9,1.1,1.8,0.4,0.1,0.9,0.9,5.1,,netora01
351,Kadeem Allen,27,NYK,PG,10,0,11.7,1.9,4.4,0.432,0.5,1.6,0.313,1.4,2.8,0.5,0.489,0.7,1.1,0.636,0.2,0.7,0.9,2.1,0.5,0.2,0.8,0.7,5,,allenka01
352,Isaac Bonga,20,WAS,SF,66,49,18.9,1.8,3.5,0.504,0.4,1.1,0.352,1.4,2.5,0.571,0.558,1,1.3,0.812,1.1,2.3,3.4,1.2,0.7,0.3,0.9,2.4,5,,bongais01
353,Vince Carter,43,ATL,PF,60,0,14.6,1.8,5.1,0.352,1,3.4,0.302,0.8,1.7,0.451,0.452,0.4,0.5,0.793,0.3,1.8,2.1,0.8,0.4,0.4,0.6,1.5,5,,cartevi01
354,Jamal Crawford,39,BRK,SG,1,0,6,2,4,0.5,1,2,0.5,1,2,0.5,0.625,0,0,,0,0,0,3,0,0,0,1,5,,crawfja01
355,Cody Martin,24,CHO,SF,48,3,18.8,1.9,4.3,0.43,0.4,1.6,0.234,1.5,2.7,0.546,0.473,0.9,1.4,0.646,0.8,2.5,3.3,2,0.8,0.2,0.9,1.6,5,,martico01
356,Tony Bradley,22,UTA,C,58,3,11.4,2.2,3.3,0.667,0.1,0.1,1,2.1,3.2,0.661,0.675,0.5,0.8,0.652,1.9,2.7,4.6,0.4,0.2,0.6,0.5,2,4.9,,bradlto01
357,Jevon Carter,24,PHO,PG,58,2,16.3,1.7,4.2,0.416,1.1,2.5,0.425,0.7,1.7,0.402,0.543,0.4,0.5,0.852,0.5,1.5,2,1.4,0.8,0.3,0.6,1.5,4.9,,carteje01
358,Chris Clemons,22,HOU,SG,33,0,8.8,1.7,4.3,0.401,1.1,3.2,0.346,0.6,1.1,0.571,0.532,0.3,0.3,0.909,0.1,0.8,0.9,0.8,0.3,0.2,0.6,0.8,4.9,,clemoch01
359,Drew Eubanks,22,SAS,C,22,3,12.4,2,3,0.642,0,0,1,1.9,3,0.636,0.649,0.9,1.2,0.769,1.3,2.6,3.9,0.7,0.2,0.8,1,1.7,4.9,,eubandr01
360,Shaquille Harrison,26,CHI,SG,43,10,11.3,1.8,3.8,0.467,0.4,1,0.381,1.4,2.9,0.496,0.515,0.9,1.2,0.78,0.5,1.5,2,1.1,0.8,0.4,0.4,1.3,4.9,,harrish01
361,Patrick Patterson,30,LAC,PF,59,18,13.2,1.6,3.9,0.408,1.1,2.9,0.39,0.5,1,0.459,0.552,0.6,0.7,0.814,0.6,2,2.6,0.7,0.1,0.1,0.4,0.9,4.9,,pattepa01
362,Edmond Sumner,24,IND,SG,31,3,14.4,2,4.6,0.43,0.5,1.7,0.264,1.5,2.9,0.528,0.479,0.5,0.9,0.552,0.4,1.1,1.5,1.8,0.5,0.3,0.7,1.4,4.9,,sumneed01
363,Matt Thomas,25,TOR,SG,41,1,10.7,1.8,3.7,0.487,1.1,2.4,0.475,0.6,1.2,0.51,0.643,0.2,0.3,0.75,0.2,1.3,1.5,0.5,0.2,0,0.4,0.9,4.9,,thomama02
364,Mario Hezonja,24,POR,PF,53,4,16.4,1.7,4.1,0.422,0.5,1.5,0.308,1.3,2.6,0.486,0.477,0.9,1.1,0.814,0.6,2.9,3.5,0.9,0.7,0.2,0.8,2,4.8,,hezonma01
365,Džanan Musa,20,BRK,SF,40,0,12.2,1.6,4.3,0.372,0.5,2,0.244,1.1,2.4,0.479,0.427,1.1,1.5,0.75,0.5,1.6,2.2,1.1,0.4,0,0.9,0.8,4.8,,musadz01
366,Mike Muscala,28,OKC,C,47,2,12.2,1.6,4,0.407,1.1,3,0.378,0.5,1,0.5,0.55,0.4,0.5,0.818,0.3,2,2.3,0.9,0.2,0.3,0.4,1.2,4.8,,muscami01
367,Justin Wright-Foreman,22,UTA,PG,4,0,11.3,1.8,5,0.35,0.5,2.5,0.2,1.3,2.5,0.5,0.4,0.8,1,0.75,0,1.3,1.3,1.8,0.5,0,0.8,1.3,4.8,,wrighju02
368,Cheick Diallo,23,PHO,C,47,2,10.2,2,3,0.648,0,0.1,0.333,1.9,3,0.655,0.651,0.7,0.8,0.872,0.6,2.1,2.8,0.5,0.2,0.3,0.7,1.2,4.7,,diallch01
369,Isaiah Hartenstein,21,HOU,C,23,2,11.6,1.9,2.9,0.657,0,0.2,0,1.9,2.7,0.71,0.657,0.8,1.2,0.679,1.3,2.7,3.9,0.8,0.4,0.5,0.7,1.8,4.7,,harteis01
370,Thon Maker,22,DET,C,60,14,12.9,1.6,3.2,0.482,0.4,1.1,0.344,1.2,2.2,0.55,0.539,1.2,1.8,0.664,0.9,1.9,2.8,0.7,0.4,0.7,0.8,1.7,4.7,,makerth01
371,Matisse Thybulle,22,PHI,SG,65,14,19.8,1.7,4.1,0.423,0.9,2.4,0.357,0.9,1.7,0.519,0.528,0.4,0.6,0.61,0.7,1,1.6,1.2,1.4,0.7,0.8,2.2,4.7,,thybuma01
372,Allen Crabbe,27,2TM,SG,37,1,17.6,1.7,4.8,0.356,1,3.2,0.303,0.7,1.6,0.466,0.458,0.3,0.4,0.714,0.3,1.8,2.1,0.9,0.4,0.1,0.5,1.3,4.6,,crabbal01
372,Allen Crabbe,27,ATL,SG,28,1,18.6,1.9,5.1,0.364,1.1,3.3,0.323,0.8,1.8,0.44,0.469,0.3,0.4,0.75,0.4,2,2.3,1,0.5,0.1,0.4,1.3,5.1,,crabbal01
372,Allen Crabbe,27,MIN,SF,9,0,14.6,1.2,3.8,0.324,0.7,2.9,0.231,0.6,0.9,0.625,0.412,0.1,0.2,0.5,0.1,1.2,1.3,0.6,0,0,0.6,1.2,3.2,,crabbal01
373,Andre Iguodala,36,MIA,SF,21,0,19.9,1.8,4.2,0.432,0.7,2.2,0.298,1.1,2,0.585,0.511,0.3,0.7,0.4,0.8,2.9,3.7,2.4,0.7,1,1.2,1.7,4.6,,iguodan01
374,Rodions Kurucs,21,BRK,PF,47,9,14.6,1.7,3.8,0.446,0.7,1.9,0.367,1,1.9,0.529,0.54,0.5,0.8,0.632,0.5,2.4,2.9,1.1,0.5,0.1,1,1.9,4.6,,kurucro01
375,Patrick McCaw,24,TOR,SF,37,12,24.5,1.8,4.4,0.414,0.6,1.9,0.324,1.2,2.5,0.484,0.485,0.4,0.5,0.722,0.5,1.8,2.3,2.1,1.1,0.1,0.8,1.6,4.6,,mccawpa01
376,Alfonzo McKinnie,27,CLE,SF,40,1,14.8,1.8,4.3,0.427,0.4,1.6,0.215,1.5,2.7,0.557,0.468,0.6,0.8,0.71,0.9,1.9,2.8,0.4,0.6,0.2,0.7,1.8,4.6,,mckinal01
377,JaKarr Sampson,26,IND,PF,34,12,13.9,2,3.4,0.591,0.1,0.4,0.154,1.9,3,0.647,0.6,0.5,0.8,0.667,0.6,2,2.6,0.6,0.5,0.4,0.4,1.9,4.6,,sampsja02
378,Dante Exum,24,2TM,SG,35,1,13.9,1.6,3.4,0.471,0.4,1.2,0.349,1.2,2.2,0.539,0.534,0.9,1.2,0.744,0.3,1.6,1.9,1.1,0.4,0.2,0.9,1.1,4.5,,exumda01
378,Dante Exum,24,UTA,SG,11,0,7.5,0.9,2.1,0.435,0.2,0.5,0.333,0.7,1.5,0.471,0.478,0.2,0.2,1,0.3,0.8,1.1,0.6,0.1,0.2,0.9,0.7,2.2,,exumda01
378,Dante Exum,24,CLE,SG,24,1,16.8,1.9,4,0.479,0.5,1.5,0.351,1.4,2.5,0.559,0.547,1.3,1.7,0.732,0.4,1.9,2.3,1.4,0.5,0.3,0.9,1.3,5.6,,exumda01
379,Ryan Arcidiacono,25,CHI,PG,58,4,16,1.6,3.8,0.409,0.9,2.4,0.391,0.6,1.4,0.439,0.532,0.5,0.7,0.711,0.3,1.6,1.9,1.7,0.5,0.1,0.6,1.7,4.5,,arcidry01
380,Jerian Grant,27,WAS,SG,6,0,13.3,1.7,4.5,0.37,0.3,1.3,0.25,1.3,3.2,0.421,0.407,0.8,1.2,0.714,0.3,0.7,1,1.5,0.2,0.2,0.5,1.8,4.5,,grantje02
381,Courtney Lee,34,DAL,SG,24,9,14.4,1.7,3.4,0.488,0.9,2,0.447,0.8,1.5,0.543,0.616,0.3,0.3,0.857,0.3,1,1.3,0.5,0.8,0.3,0.5,1.4,4.5,,leeco01
382,Treveon Graham,26,2TM,SF,55,20,16.9,1.6,4.4,0.36,0.6,2.2,0.275,1,2.2,0.443,0.428,0.7,1,0.643,0.9,1.8,2.7,0.8,0.4,0.1,0.5,1.9,4.4,,grahatr01
382,Treveon Graham,26,MIN,SF,33,20,20.1,1.9,5.3,0.354,0.6,2.5,0.241,1.3,2.8,0.457,0.411,0.8,1.1,0.73,0.9,2.2,3,0.9,0.5,0.1,0.6,2,5.2,,grahatr01
382,Treveon Graham,26,ATL,SF,22,0,12.1,1.1,3,0.373,0.6,1.7,0.351,0.5,1.4,0.4,0.47,0.4,0.9,0.474,1,1.3,2.3,0.7,0.3,0.2,0.5,1.6,3.3,,grahatr01
383,Jacob Evans,22,2TM,SG,29,1,14.4,1.6,4.6,0.336,0.4,1.3,0.333,1.1,3.3,0.337,0.384,0.9,1,0.862,0.3,1.1,1.4,1.1,0.4,0.4,0.9,1.4,4.4,,evansja02
383,Jacob Evans,22,GSW,SG,27,1,15.3,1.7,4.9,0.338,0.5,1.4,0.342,1.2,3.5,0.337,0.387,0.9,1.1,0.862,0.3,1.2,1.5,1.1,0.4,0.4,0.9,1.5,4.7,,evansja02
383,Jacob Evans,22,MIN,SG,2,0,2,0,0.5,0,0,0.5,0,0,0,,0,0,0,,0,0,0,0,0,0,0,0,0,,evansja02
384,Khem Birch,27,ORL,C,48,24,19.2,1.5,3,0.51,0,0,0,1.5,3,0.514,0.51,1.4,2.1,0.653,1.9,2.7,4.6,1,0.4,0.5,0.6,1.9,4.4,,birchkh01
385,Nic Claxton,20,BRK,C,15,0,12.5,1.8,3.2,0.563,0.1,0.5,0.143,1.7,2.7,0.634,0.573,0.7,1.4,0.524,1.3,1.7,2.9,1.1,0.1,0.5,0.6,0.9,4.4,,claxtni01
386,Yogi Ferrell,26,SAC,PG,50,0,10.6,1.6,3.8,0.42,0.5,1.6,0.304,1.1,2.2,0.505,0.484,0.7,0.8,0.857,0.1,0.9,1,1.4,0.4,0.1,0.6,0.8,4.4,,ferreyo01
387,Ante Žižić,23,CLE,C,22,0,10,1.9,3.3,0.569,0,0,,1.9,3.3,0.569,0.569,0.6,0.9,0.737,0.8,2.2,3,0.3,0.3,0.2,0.5,1.2,4.4,,zizican01
388,Donta Hall,22,2TM,PF,9,0,14.8,1.7,2.4,0.682,0,0,,1.7,2.4,0.682,0.682,1,2,0.5,1.6,2.7,4.2,0.4,0.3,0.7,0.6,2.6,4.3,,halldo01
388,Donta Hall,22,DET,PF,4,0,12,0.3,1,0.25,0,0,,0.3,1,0.25,0.25,1,1.5,0.667,1.5,2.3,3.8,0.5,0.3,0.3,0.5,2.3,1.5,,halldo01
388,Donta Hall,22,BRK,C,5,0,17,2.8,3.6,0.778,0,0,,2.8,3.6,0.778,0.778,1,2.4,0.417,1.6,3,4.6,0.4,0.4,1,0.6,2.8,6.6,,halldo01
389,Al-Farouq Aminu,29,ORL,PF,18,2,21.1,1.4,4.8,0.291,0.5,2,0.25,0.9,2.8,0.32,0.343,1.1,1.6,0.655,1.3,3.5,4.8,1.2,1,0.4,0.9,1.5,4.3,,aminual01
390,Troy Daniels,28,2TM,SG,47,0,11.3,1.5,4,0.387,1,2.8,0.348,0.6,1.1,0.481,0.511,0.2,0.3,0.625,0.3,0.9,1.1,0.4,0.2,0.1,0.3,0.8,4.3,,danietr01
390,Troy Daniels,28,LAL,SG,41,0,11.1,1.5,3.9,0.392,1,2.7,0.357,0.5,1.1,0.478,0.519,0.2,0.4,0.625,0.3,0.8,1.1,0.3,0.2,0.1,0.2,0.7,4.2,,danietr01
390,Troy Daniels,28,DEN,SG,6,0,12.7,1.7,4.7,0.357,1,3.3,0.3,0.7,1.3,0.5,0.464,0,0,,0,1,1,0.5,0.5,0,0.5,1.2,4.3,,danietr01
391,Bruno Fernando,21,ATL,C,56,13,12.7,1.8,3.6,0.518,0.1,0.7,0.135,1.8,2.9,0.605,0.53,0.5,0.9,0.569,1.2,2.3,3.5,0.9,0.3,0.3,0.8,1.9,4.3,,fernabr01
392,Ryan Broekhoff,29,DAL,SF,17,1,10.6,1.3,3.5,0.373,1.2,3,0.392,0.1,0.5,0.25,0.542,0.4,0.5,0.875,0.3,2.2,2.5,0.6,0.3,0.2,0.4,0.9,4.2,,broekry01
393,Iman Shumpert,29,BRK,SF,13,0,18.5,1.6,4.9,0.328,0.6,2.5,0.242,1,2.4,0.419,0.391,0.3,0.5,0.571,0.7,1.9,2.6,0.9,0.9,0.2,0.8,1.6,4.2,,shumpim01
394,Alen Smailagić,19,GSW,C,14,0,9.9,1.4,2.9,0.5,0.2,0.9,0.231,1.2,1.9,0.63,0.538,1.1,1.4,0.842,0.7,1.2,1.9,0.9,0.2,0.3,0.8,1,4.2,,smailal01
395,Elie Okobo,22,PHO,PG,55,3,13.1,1.3,3.3,0.398,0.5,1.3,0.352,0.9,2,0.427,0.467,0.9,1.3,0.704,0.3,1.3,1.6,2.1,0.4,0.1,0.7,1,4,,okoboel01
396,Cristiano Felício,27,CHI,C,22,0,17.5,1.5,2.5,0.63,0,0.1,0,1.5,2.4,0.654,0.63,0.8,1,0.783,2.5,2.1,4.6,0.7,0.5,0.1,0.8,1.5,3.9,,feliccr01
397,Terrance Ferguson,21,OKC,SF,56,38,22.4,1.4,3.9,0.355,0.9,3,0.292,0.5,0.9,0.558,0.466,0.3,0.4,0.75,0.4,0.9,1.3,0.9,0.5,0.3,0.6,2.8,3.9,,fergute01
398,Marko Gudurić,24,MEM,SG,44,0,11,1.4,3.6,0.395,0.6,1.9,0.301,0.8,1.7,0.5,0.475,0.5,0.6,0.923,0.3,1.3,1.7,1,0.3,0.2,0.8,0.8,3.9,,gudurma01
399,Gary Payton II,27,WAS,SF,29,17,14.9,1.7,4,0.414,0.4,1.6,0.283,1.2,2.4,0.5,0.47,0.1,0.3,0.5,0.9,1.9,2.8,1.7,1.1,0.2,0.7,1.9,3.9,,paytoga02
400,DaQuan Jeffries,22,SAC,SG,13,0,10.8,1.5,3.1,0.5,0.4,1.4,0.278,1.2,1.7,0.682,0.563,0.4,0.5,0.833,0.2,1.2,1.4,0.5,0.3,0.1,0.2,1.5,3.8,,jeffrda01
401,Jaylen Nowell,20,MIN,SG,15,0,10.1,1.3,3.5,0.358,0.2,1.7,0.115,1.1,1.8,0.593,0.387,1.1,1.1,0.941,0.2,0.7,0.9,1.3,0.2,0.1,0.2,0.7,3.8,,nowelja01
402,Noah Vonleh,24,2TM,C,36,1,10.5,1.4,2.6,0.565,0.1,0.4,0.2,1.4,2.1,0.636,0.582,0.7,0.9,0.781,1,2.4,3.4,0.8,0.3,0.2,0.6,1.1,3.7,,vonleno01
402,Noah Vonleh,24,MIN,C,29,1,12,1.6,3,0.547,0.1,0.5,0.143,1.6,2.5,0.625,0.558,0.8,1,0.821,1.2,2.8,4,0.9,0.4,0.2,0.7,1.2,4.1,,vonleno01
402,Noah Vonleh,24,DEN,C,7,0,4.3,0.7,0.9,0.833,0.1,0.1,1,0.6,0.7,0.8,0.917,0.3,0.6,0.5,0.4,0.7,1.1,0.3,0,0,0.3,0.6,1.9,,vonleno01
403,Gary Clark,25,2TM,PF,42,5,13.5,1.3,3.2,0.406,0.9,2.6,0.351,0.4,0.5,0.682,0.553,0.2,0.2,0.9,0.9,1.7,2.6,0.4,0.1,0.5,0.2,1.1,3.7,,clarkga01
403,Gary Clark,25,HOU,PF,18,0,11.8,1.3,3.3,0.39,1,2.8,0.353,0.3,0.4,0.625,0.542,0.3,0.4,0.857,0.6,1.6,2.2,0.7,0.1,0.4,0.1,1.2,3.9,,clarkga01
403,Gary Clark,25,ORL,SF,24,5,14.8,1.3,3.1,0.419,0.9,2.5,0.35,0.4,0.6,0.714,0.561,0.1,0.1,1,1.1,1.8,2.9,0.2,0.2,0.6,0.3,1,3.6,,clarkga01
404,DeMarre Carroll,33,2TM,C,24,0,12.1,1,2.8,0.379,0.3,1.4,0.242,0.7,1.4,0.515,0.439,1.2,1.8,0.69,0.5,1.8,2.3,1,0.3,0.2,0.7,1.3,3.6,,carrode01
404,DeMarre Carroll,33,SAS,SF,15,0,9,0.6,1.9,0.31,0.2,0.9,0.231,0.4,1.1,0.375,0.362,0.8,1.3,0.6,0.5,1.6,2.1,0.7,0.1,0.1,0.7,1.3,2.2,,carrode01
404,DeMarre Carroll,33,HOU,C,9,0,17.2,1.8,4.1,0.432,0.6,2.2,0.25,1.2,1.9,0.647,0.5,1.9,2.4,0.773,0.6,2.1,2.7,1.6,0.7,0.3,0.8,1.3,6,,carrode01
405,Anthony Tolliver,34,3TM,PF,55,13,15.9,1.2,3.3,0.357,0.9,2.6,0.338,0.3,0.7,0.432,0.492,0.4,0.5,0.724,0.6,2.2,2.8,0.8,0.3,0.2,0.6,1.3,3.6,,tollian01
405,Anthony Tolliver,34,POR,PF,33,9,16.8,1.3,3.5,0.368,0.9,2.7,0.337,0.4,0.8,0.464,0.496,0.4,0.6,0.684,0.8,2.5,3.3,0.9,0.2,0.3,0.6,1.6,3.9,,tollian01
405,Anthony Tolliver,34,SAC,PF,9,0,9.1,0.3,1.9,0.176,0.2,1.7,0.133,0.1,0.2,0.5,0.235,0.1,0.2,0.5,0.2,1,1.2,0.3,0.4,0.1,0.4,0.7,1,,tollian01
405,Anthony Tolliver,34,MEM,PF,13,4,18.2,1.5,3.7,0.396,1.3,3.2,0.415,0.2,0.5,0.286,0.573,0.5,0.6,0.875,0.4,2.2,2.5,0.8,0.5,0.1,0.7,1.1,4.8,,tollian01
406,Nicolas Batum,31,CHO,SF,22,3,23,1.3,3.7,0.346,0.6,2.2,0.286,0.6,1.5,0.438,0.432,0.4,0.5,0.9,1.1,3.4,4.5,3,0.8,0.4,1,1.9,3.6,,batumni01
407,Tim Frazier,29,DET,PG,27,11,13.1,1.3,3.5,0.362,0.4,1.1,0.333,0.9,2.4,0.375,0.415,0.7,0.9,0.792,0.3,0.9,1.2,3.4,0.5,0.1,1.3,1.6,3.6,,fraziti01
408,Nassir Little,19,POR,PF,48,5,11.9,1.4,3.1,0.43,0.3,1.2,0.237,1.1,1.9,0.554,0.477,0.6,0.9,0.636,0.6,1.6,2.3,0.5,0.3,0.3,0.3,1.5,3.6,,littlna01
409,Theo Pinson,24,BRK,SG,33,0,11.1,1.4,4.7,0.29,0.5,2.4,0.188,0.9,2.3,0.4,0.339,0.5,0.5,0.938,0.3,1.3,1.6,1.7,0.5,0.1,1,1.1,3.6,,pinsoth01
410,Tremont Waters,22,BOS,PG,11,1,10.8,1.3,4.5,0.286,0.4,2.2,0.167,0.9,2.3,0.4,0.327,0.7,0.7,1,0,1.1,1.1,1.5,0.9,0.2,1.4,1.2,3.6,,watertr01
411,D.J. Wilson,23,MIL,PF,37,1,9.8,1.4,3.6,0.394,0.5,2,0.247,0.9,1.6,0.576,0.462,0.3,0.5,0.611,0.3,2.2,2.5,0.7,0.1,0.1,0.5,0.9,3.6,,wilsodj01
412,Mfiondu Kabengele,22,LAC,C,12,0,5.3,1.2,2.7,0.438,0.8,1.7,0.45,0.4,1,0.417,0.578,0.4,0.4,1,0.1,0.8,0.9,0.2,0.2,0.2,0.2,0.8,3.5,,kabenmf01
413,Kyle O'Quinn,29,PHI,C,29,2,10.8,1.4,2.9,0.494,0.2,0.9,0.259,1.2,2,0.603,0.535,0.4,0.7,0.55,1.2,2.8,4,1.8,0.2,0.8,0.7,1.3,3.5,,oquinky01
414,Miye Oni,22,UTA,SF,10,1,10.9,1.2,3.2,0.375,0.7,1.9,0.368,0.5,1.3,0.385,0.484,0.4,0.5,0.8,0.5,1.2,1.7,0.4,0.4,0.2,0.4,0.9,3.5,,onimi01
415,Kenrich Williams,25,NOP,PF,39,18,21.3,1.3,3.8,0.347,0.6,2.5,0.258,0.7,1.3,0.52,0.432,0.2,0.7,0.346,1.3,3.5,4.8,1.5,0.7,0.5,0.6,2.3,3.5,,willike04
416,Javonte Green,26,BOS,SG,48,2,9.8,1.3,2.6,0.5,0.2,0.7,0.273,1.1,1.9,0.581,0.536,0.6,0.9,0.667,0.5,1.4,1.9,0.5,0.5,0.2,0.5,0.9,3.4,,greenja02
417,Kevon Looney,23,GSW,C,20,4,13.1,1.5,4,0.367,0.1,0.7,0.071,1.4,3.3,0.431,0.373,0.5,0.6,0.75,1.4,1.9,3.3,1,0.6,0.3,0.6,1.7,3.4,,looneke01
418,Semi Ojeleye,25,BOS,PF,69,6,14.7,1.2,2.8,0.408,0.7,1.8,0.378,0.5,1,0.464,0.531,0.4,0.5,0.875,0.4,1.7,2.1,0.5,0.3,0.1,0.3,1.2,3.4,,ojelese01
419,Lance Thomas,31,BRK,PF,7,4,14,1.1,3.3,0.348,0.6,1.9,0.308,0.6,1.4,0.4,0.435,0.6,0.6,1,0.3,1.6,1.9,0.9,0,0,0.9,1.6,3.4,,thomala01
420,Grant Williams,21,BOS,PF,69,5,15.1,1.3,3.1,0.412,0.3,1.4,0.25,0.9,1.7,0.548,0.469,0.6,0.8,0.722,0.9,1.7,2.6,1,0.4,0.5,0.7,2.4,3.4,,willigr01
421,Carsen Edwards,21,BOS,SG,37,0,9.5,1.1,3.5,0.328,0.6,2.1,0.316,0.5,1.4,0.346,0.422,0.4,0.5,0.684,0.2,1.1,1.3,0.6,0.3,0.1,0.4,0.9,3.3,,edwarca01
422,Tacko Fall,24,BOS,C,7,0,4.7,1.6,2,0.786,0,0,,1.6,2,0.786,0.786,0.1,0.4,0.333,0.1,2,2.1,0.1,0.1,0.6,0.4,1,3.3,,fallta01
423,Ty Jerome,22,PHO,SG,31,0,10.6,1.2,3.6,0.336,0.5,1.6,0.28,0.8,2,0.381,0.398,0.4,0.5,0.75,0.2,1.3,1.5,1.4,0.5,0.1,0.6,0.9,3.3,,jeromty01
424,Rodney McGruder,28,LAC,SG,56,4,15.6,1.3,3.2,0.398,0.4,1.6,0.27,0.9,1.6,0.522,0.464,0.3,0.6,0.559,0.5,2.2,2.7,0.6,0.5,0.1,0.4,1.3,3.3,,mcgruro01
425,Evan Turner,31,ATL,SG,19,0,13.2,1.3,3.5,0.373,0,0.3,0,1.3,3.3,0.403,0.373,0.6,0.7,0.857,0.4,1.6,2,2,0.5,0.4,1.4,1.1,3.3,,turneev01
426,Jordan Bell,25,2TM,C,29,0,8.8,1.2,2.3,0.522,0.1,0.4,0.333,1.1,1.9,0.564,0.552,0.7,1.1,0.613,1,1.8,2.8,0.6,0.1,0.3,0.7,0.7,3.2,,belljo01
426,Jordan Bell,25,MIN,C,27,0,8.7,1.2,2.2,0.533,0.1,0.3,0.222,1.1,1.9,0.588,0.55,0.6,1.1,0.586,1,1.9,2.9,0.5,0.1,0.4,0.7,0.6,3.1,,belljo01
426,Jordan Bell,25,MEM,C,2,0,10.5,1.5,3.5,0.429,1,1.5,0.667,0.5,2,0.25,0.571,1,1,1,1,0.5,1.5,1,0.5,0,1.5,1,5,,belljo01
427,Goga Bitadze,20,IND,C,54,2,8.7,1.3,2.8,0.467,0.1,0.8,0.19,1.1,2,0.574,0.493,0.4,0.6,0.727,0.5,1.5,2,0.4,0.2,0.7,0.5,1.2,3.2,,bitadgo01
428,Amir Coffey,22,LAC,SG,18,1,8.8,1.3,3,0.426,0.3,1.1,0.316,0.9,1.9,0.486,0.481,0.3,0.6,0.545,0.2,0.7,0.9,0.8,0.3,0.1,0.4,1.1,3.2,,coffeam01
429,Chimezie Metu,22,SAS,C,18,0,5.8,1.3,2.3,0.571,0,0.1,0,1.3,2.2,0.6,0.571,0.6,0.7,0.769,0.7,1.2,1.8,0.6,0.2,0.3,0.6,0.4,3.2,,metuch01
430,Paul Watson,25,2TM,SF,10,0,8.7,1,2.6,0.385,0.4,1.2,0.333,0.6,1.4,0.429,0.462,0.7,0.9,0.778,0.2,1.5,1.7,0.8,0.4,0.1,0.3,0.5,3.1,,watsopa01
430,Paul Watson,25,ATL,SF,2,0,8.5,0,3.5,0,0,1.5,0,0,2,0,0,0,0,,0,1,1,1.5,0.5,0,0,0.5,0,,watsopa01
430,Paul Watson,25,TOR,SF,8,0,8.8,1.3,2.4,0.526,0.5,1.1,0.444,0.8,1.3,0.6,0.632,0.9,1.1,0.778,0.3,1.6,1.9,0.6,0.4,0.1,0.4,0.5,3.9,,watsopa01
431,Matthew Dellavedova,29,CLE,PG,57,4,14.4,1.1,3.1,0.354,0.4,1.6,0.231,0.7,1.5,0.488,0.414,0.6,0.6,0.865,0.3,1,1.3,3.2,0.4,0,1,1.4,3.1,,dellama01
432,Rayjon Tucker,22,UTA,SG,20,0,8.1,1,2.2,0.465,0.2,0.9,0.176,0.9,1.3,0.654,0.5,1,1.2,0.826,0.2,0.9,1,0.3,0.1,0.1,0.4,0.5,3.1,,tuckera01
433,Bruno Caboclo,24,2TM,C,30,0,8.1,1.3,3,0.427,0.2,1.1,0.182,1.1,1.9,0.571,0.461,0.3,0.3,0.889,0.8,1.2,2,0.4,0.5,0.6,0.4,1,3,,cabocbr01
433,Bruno Caboclo,24,MEM,C,22,0,8.7,1.3,3.1,0.406,0.2,1.1,0.16,1.1,2,0.545,0.435,0.1,0.1,0.667,0.8,1.2,2,0.5,0.5,0.5,0.3,1,2.8,,cabocbr01
433,Bruno Caboclo,24,HOU,C,8,0,6.5,1.3,2.5,0.5,0.3,1,0.25,1,1.5,0.667,0.55,0.8,0.8,1,0.8,1.3,2,0.3,0.6,0.6,0.8,1,3.5,,cabocbr01
434,Zylan Cheatham,24,NOP,PF,4,0,12.8,1.5,2.3,0.667,0,0.3,0,1.5,2,0.75,0.667,0,0,,0.8,1.5,2.3,0.8,0.3,0.3,1,2.5,3,,cheatzy01
435,Udonis Haslem,39,MIA,C,4,1,11,1,2.8,0.364,0.3,0.8,0.333,0.8,2,0.375,0.409,0.8,1,0.75,0.3,3.8,4,0.3,0,0,0.3,1.5,3,,hasleud01
436,B.J. Johnson,24,ORL,SF,10,0,8.3,0.9,3.2,0.281,0.3,0.9,0.333,0.6,2.3,0.261,0.328,0.9,1,0.9,0.3,1.2,1.5,0.3,0.3,0,0.6,0.3,3,,johnsbj01
437,T.J. Leaf,22,IND,PF,28,1,7.9,1.3,3.1,0.419,0.2,0.6,0.278,1.1,2.4,0.456,0.448,0.3,0.6,0.438,0.8,1.7,2.5,0.3,0.4,0.1,0.3,0.8,3,,leaftj01
438,Admiral Schofield,22,WAS,PF,33,2,11.2,1.1,2.8,0.38,0.6,1.8,0.311,0.5,0.9,0.516,0.484,0.3,0.5,0.667,0.2,1.2,1.4,0.5,0.2,0.1,0.2,1.5,3,,schofad01
439,Chris Silva,23,MIA,PF,44,0,7.9,1.1,1.8,0.615,0,0.1,0,1.1,1.7,0.64,0.615,0.8,1.3,0.673,1.4,1.5,2.9,0.5,0.2,0.5,0.7,1.9,3,,silvach01
440,Johnathan Williams,24,WAS,PF,15,6,12,1.3,2.3,0.559,0,0.1,0,1.3,2.1,0.594,0.559,0.5,0.9,0.538,1.6,2.7,4.3,0.5,0.1,0.5,0.3,1.1,3,,willijo04
441,Jaylen Hoard,20,POR,PF,13,0,7.9,1.2,2.5,0.469,0,0.2,0,1.2,2.2,0.517,0.469,0.6,1,0.615,1.1,1.4,2.5,0.3,0.4,0,0.3,0.9,2.9,,hoardja01
442,Adam Mokoka,21,CHI,SF,11,0,10.2,1.1,2.5,0.429,0.5,1.4,0.4,0.5,1.2,0.462,0.536,0.2,0.4,0.5,0.6,0.3,0.9,0.4,0.4,0,0.2,1.5,2.9,,mokokad01
443,Andre Roberson,28,OKC,SF,7,0,12.4,1.1,4.1,0.276,0.4,2,0.214,0.7,2.1,0.333,0.328,0.1,0.3,0.5,1,2.9,3.9,0.6,0.1,0.4,0.3,1.9,2.9,,roberan03
444,Tyrone Wallace,25,ATL,SG,14,0,11.4,1,3.1,0.318,0.1,1.1,0.067,0.9,2.1,0.448,0.33,0.8,1.2,0.647,0.2,1.4,1.6,0.9,0.5,0.1,0.7,1.4,2.9,,wallaty01
445,Justin Anderson,26,BRK,SG,10,1,10.7,1,3.8,0.263,0.6,2.9,0.207,0.4,0.9,0.444,0.342,0.2,0.4,0.5,0.1,2,2.1,0.8,0,0.6,0.4,1.3,2.8,,anderju01
446,Thanasis Antetokounmpo,27,MIL,SF,20,2,6.5,1.2,2.4,0.5,0,0.5,0,1.2,1.9,0.632,0.5,0.4,0.9,0.412,0.6,0.6,1.2,0.8,0.4,0.1,0.6,0.9,2.8,,antetth01
447,John Konchar,23,MEM,SG,19,0,9.5,1.3,1.9,0.649,0.3,0.5,0.5,1,1.4,0.704,0.716,0.1,0.1,0.5,0.9,1.5,2.5,1.2,0.4,0.2,0.4,0.4,2.8,,konchjo01
448,Naz Mitrou-Long,26,IND,SG,5,0,9.4,1.2,3.4,0.353,0.4,2.4,0.167,0.8,1,0.8,0.412,0,0,,0,1.4,1.4,1.6,0.2,0.2,0.6,0.4,2.8,,mitrona01
449,Joakim Noah,34,LAC,C,5,0,10,0.8,1.6,0.5,0,0,,0.8,1.6,0.5,0.5,1.2,1.6,0.75,1,2.2,3.2,1.4,0.2,0.2,1.2,1.8,2.8,,noahjo01
450,Chandler Parsons,31,ATL,PF,5,0,10.8,1,3.6,0.278,0.8,2.8,0.286,0.2,0.8,0.25,0.389,0,0,,0.2,1.2,1.4,0.6,0.8,0.2,0.6,0.6,2.8,,parsoch01
451,Marial Shayok,24,PHI,SG,4,0,7,0.8,3,0.25,0.5,1.5,0.333,0.3,1.5,0.167,0.333,0.8,1,0.75,0.3,1.5,1.8,0.3,0,0.3,0.8,1,2.8,,shayoma01
452,J.R. Smith,34,LAL,SG,6,0,13.2,1.2,3.7,0.318,0.2,1.8,0.091,1,1.8,0.545,0.341,0.3,0.3,1,0,0.8,0.8,0.5,0.2,0,0.7,0.8,2.8,,smithjr01
453,Jarrod Uthoff,26,2TM,PF,7,0,7.6,1,2.6,0.389,0.4,1.3,0.333,0.6,1.3,0.444,0.472,0.3,0.3,1,0.3,0.6,0.9,0,0.1,0,0,0.3,2.7,,uthofja01
453,Jarrod Uthoff,26,MEM,PF,4,0,3.5,0.3,1.8,0.143,0,1,0,0.3,0.8,0.333,0.143,0.5,0.5,1,0.3,0,0.3,0,0.3,0,0,0.3,1,,uthofja01
453,Jarrod Uthoff,26,WAS,PF,3,0,13,2,3.7,0.545,1,1.7,0.6,1,2,0.5,0.682,0,0,,0.3,1.3,1.7,0,0,0,0,0.3,5,,uthofja01
454,Jarrell Brantley,23,UTA,PF,9,0,10.7,1.1,3.1,0.357,0.3,1.4,0.231,0.8,1.7,0.467,0.411,0.1,0.2,0.5,0.2,2,2.2,1.2,0.3,0.6,0.8,0.8,2.7,,brantja01
455,Deonte Burton,26,OKC,SF,39,0,9.1,1.1,3.2,0.344,0.3,1.4,0.189,0.8,1.8,0.458,0.384,0.2,0.4,0.571,0.2,1.3,1.5,0.4,0.2,0.3,0.5,0.9,2.7,,burtode02
456,Ryan Anderson,31,HOU,C,2,0,7,1,3.5,0.286,0.5,2.5,0.2,0.5,1,0.5,0.357,0,0,,0,3.5,3.5,1,0.5,0,0.5,0.5,2.5,,anderry01
457,Justin James,23,SAC,SF,36,0,6.4,1,2.3,0.417,0.3,0.8,0.31,0.7,1.5,0.473,0.47,0.3,0.6,0.476,0.2,0.7,0.9,0.5,0.2,0.3,0.2,0.5,2.5,,jamesju01
458,Romeo Langford,20,BOS,SG,32,2,11.6,0.9,2.5,0.35,0.2,0.8,0.185,0.7,1.7,0.434,0.381,0.6,0.8,0.72,0.5,0.8,1.3,0.4,0.3,0.3,0.3,1,2.5,,langfro01
459,Max Strus,23,CHI,SF,2,0,3,1,1.5,0.667,0,0.5,0,1,1,1,0.667,0.5,0.5,1,0.5,0,0.5,0,0,0,0,0.5,2.5,,strusma01
460,Michael Kidd-Gilchrist,26,2TM,PF,25,0,11.2,0.9,2.6,0.333,0.2,0.8,0.25,0.7,1.8,0.37,0.371,0.4,0.6,0.786,0.6,2.1,2.7,0.6,0.1,0.2,0.6,1.5,2.4,,kiddgmi01
460,Michael Kidd-Gilchrist,26,CHO,PF,12,0,13.3,1.5,4.4,0.34,0.4,1.4,0.294,1.1,3,0.361,0.387,0.6,0.8,0.778,0.8,2.2,2.9,0.8,0,0.3,0.6,1.5,4,,kiddgmi01
460,Michael Kidd-Gilchrist,26,DAL,PF,13,0,9.3,0.3,1,0.308,0,0.2,0,0.3,0.8,0.4,0.308,0.3,0.4,0.8,0.4,2.1,2.5,0.3,0.2,0.2,0.7,1.5,0.9,,kiddgmi01
461,Caleb Swanigan,22,2TM,PF,27,1,10.7,1,1.7,0.596,0,0.1,0,1,1.7,0.622,0.596,0.3,0.6,0.529,1,2.7,3.7,1.1,0.1,0.3,1.4,2.3,2.4,,swanica01
461,Caleb Swanigan,22,SAC,C,7,0,3.3,0.3,0.6,0.5,0,0,,0.3,0.6,0.5,0.5,0.1,0.3,0.5,0.3,0.7,1,0.3,0.1,0.3,0.9,1.1,0.7,,swanica01
461,Caleb Swanigan,22,POR,PF,20,1,13.3,1.3,2.2,0.605,0,0.1,0,1.3,2.1,0.634,0.605,0.4,0.8,0.533,1.3,3.4,4.7,1.5,0.1,0.3,1.6,2.7,3,,swanica01
462,Stanley Johnson,23,TOR,PF,25,0,6,0.9,2.4,0.373,0.3,1,0.292,0.6,1.4,0.429,0.432,0.4,0.6,0.563,0.3,1.2,1.5,0.8,0.2,0.2,0.6,0.6,2.4,,johnsst04
463,Terance Mann,23,LAC,SF,41,6,8.8,0.9,1.9,0.468,0.2,0.5,0.35,0.7,1.4,0.508,0.513,0.4,0.7,0.667,0.2,1.1,1.3,1.3,0.3,0.1,0.4,1.1,2.4,,mannte01
464,Norvel Pelle,26,PHI,C,24,0,9.7,1,2,0.521,0,0,0,1,2,0.532,0.521,0.3,0.6,0.5,0.8,2.2,3,0.3,0.1,1.3,0.8,2.3,2.4,,pelleno01
465,Gabe Vincent,23,MIA,PG,9,0,9.2,0.9,4.1,0.216,0.7,3,0.222,0.2,1.1,0.2,0.297,0,0,,0,0.6,0.6,0.7,0.6,0,0.1,0.7,2.4,,vincega01
466,Dewan Hernandez,23,TOR,C,6,0,4.7,0.8,2.3,0.357,0.2,0.3,0.5,0.7,2,0.333,0.393,0.5,0.8,0.6,0.8,1.5,2.3,0.5,0.2,0,0.5,1,2.3,,hernade01
467,Shamorie Ponds,21,TOR,PG,4,0,2.8,0.8,1.3,0.6,0.3,0.5,0.5,0.5,0.8,0.667,0.7,0.5,0.5,1,0,0.3,0.3,0.5,0,0.3,0,0.5,2.3,,pondssh01
468,Johnathan Motley,24,LAC,PF,13,0,3.2,0.8,1.2,0.733,0.1,0.1,1,0.8,1.1,0.714,0.767,0.4,0.5,0.714,0.2,0.5,0.8,0.6,0.2,0,0.4,0.5,2.2,,motlejo01
469,Thabo Sefolosha,35,HOU,PF,41,0,10.6,0.9,2.2,0.407,0.4,1.3,0.278,0.5,0.9,0.595,0.489,0.1,0.2,0.375,0.5,1.8,2.3,0.6,0.6,0.3,0.4,1,2.2,,sefolth01
470,Wenyen Gabriel,22,2TM,PF,30,1,7.8,0.7,1.6,0.438,0.2,0.7,0.3,0.5,0.9,0.536,0.5,0.5,0.7,0.682,0.7,1,1.7,0.3,0.4,0.2,0.5,1.3,2.1,,gabriwe01
470,Wenyen Gabriel,22,SAC,PF,11,0,5.5,0.5,1.5,0.353,0.1,0.7,0.125,0.5,0.8,0.556,0.382,0.5,0.9,0.6,0.4,0.5,0.9,0.3,0.3,0.2,0.5,0.6,1.7,,gabriwe01
470,Wenyen Gabriel,22,POR,PF,19,1,9.2,0.8,1.6,0.484,0.3,0.6,0.417,0.5,1,0.526,0.565,0.5,0.6,0.75,0.9,1.3,2.2,0.3,0.4,0.3,0.6,1.7,2.3,,gabriwe01
471,Melvin Frazier,23,ORL,SG,19,0,6.6,0.8,1.8,0.441,0.4,0.8,0.5,0.4,0.9,0.389,0.559,0.1,0.2,0.5,0.1,0.4,0.5,0.2,0.5,0.1,0.3,0.6,2.1,,frazime01
472,Michael Frazier,25,HOU,SG,13,0,11.2,0.5,2.2,0.241,0.3,1.8,0.174,0.2,0.5,0.5,0.31,0.7,1.1,0.643,0.1,0.7,0.8,0.2,0.2,0,0.4,1.7,2.1,,frazimi01
473,Khyri Thomas,23,DET,SG,8,0,7.6,0.6,2.1,0.294,0.6,1.8,0.357,0,0.4,0,0.441,0.3,0.5,0.5,0.1,0,0.1,0.4,0.4,0,0.4,1.1,2.1,,thomakh01
474,Zach Norvell,22,2TM,SG,5,0,8.2,0.6,2.4,0.25,0.6,1.6,0.375,0,0.8,0,0.375,0.2,0.2,1,0,1.2,1.2,0.6,0.4,0,0.6,0.8,2,,norveza01
474,Zach Norvell,22,LAL,SG,2,0,2.5,0,0.5,0,0,0,,0,0.5,0,0,0,0,,0,0.5,0.5,0,0,0,0,0,0,,norveza01
474,Zach Norvell,22,GSW,SG,3,0,12,1,3.7,0.273,1,2.7,0.375,0,1,0,0.409,0.3,0.3,1,0,1.7,1.7,1,0.7,0,1,1.3,3.3,,norveza01
475,Derrick Walton,24,2TM,PG,26,1,9.5,0.7,1.5,0.462,0.4,0.9,0.417,0.3,0.6,0.533,0.59,0.3,0.3,0.778,0.1,0.5,0.6,1,0.3,0,0.2,0.8,2,,waltode01
475,Derrick Walton,24,LAC,PG,23,1,9.7,0.7,1.6,0.472,0.4,0.9,0.429,0.3,0.7,0.533,0.597,0.3,0.4,0.778,0.1,0.6,0.7,1,0.2,0,0.2,0.8,2.2,,waltode01
475,Derrick Walton,24,DET,PG,3,0,8.7,0.3,1,0.333,0.3,1,0.333,0,0,,0.5,0,0,,0,0.3,0.3,1.7,1,0,0.3,0.7,1,,waltode01
476,Charlie Brown Jr.,22,ATL,SG,10,0,4,0.6,1.9,0.316,0.3,0.9,0.333,0.3,1,0.3,0.395,0.5,0.5,1,0.2,0.2,0.4,0.2,0.2,0.2,0.3,0.3,2,,brownch02
477,Alize Johnson,23,IND,PF,17,1,6.9,0.7,1.7,0.414,0.2,0.5,0.375,0.5,1.2,0.429,0.466,0.4,0.6,0.7,0.9,1.9,2.8,0.4,0.2,0.1,0.4,0.7,2,,johnsal02
478,Louis King,20,DET,SF,10,0,6.2,0.8,2.1,0.381,0.4,1.1,0.364,0.4,1,0.4,0.476,0,0.3,0,0.1,0.9,1,0.5,0.2,0,0.2,1,2,,kinglo02
479,Jalen Lecque,19,PHO,SG,5,0,6.4,0.8,2,0.4,0,0.8,0,0.8,1.2,0.667,0.4,0.4,0.4,1,0,0.4,0.4,0.4,0,0,0.4,0.6,2,,lecquja01
480,Malik Newman,22,CLE,SG,1,0,4,0,2,0,0,1,0,0,1,0,0,2,2,1,0,0,0,0,0,0,1,0,2,,newmama01
481,Josh Reaves,22,DAL,SF,4,0,7,0.8,2.3,0.333,0,0.5,0,0.8,1.8,0.429,0.333,0.5,0.5,1,0.3,0.5,0.8,0.8,0,0,0,1.3,2,,reavejo02
482,Yuta Watanabe,25,MEM,SF,18,0,5.8,0.8,1.9,0.441,0.2,0.4,0.375,0.7,1.4,0.462,0.485,0.2,0.4,0.375,0.4,0.7,1.1,0.3,0.3,0.1,0.1,0.5,2,,watanyu01
483,Ignas Brazdeikis,21,NYK,SF,9,0,5.9,0.7,2.4,0.273,0.1,1,0.111,0.6,1.4,0.385,0.295,0.4,0.6,0.8,0.2,0.3,0.6,0.4,0,0.1,0.2,0.3,1.9,,brazdig01
484,Oshae Brissett,21,TOR,SF,19,0,7.1,0.7,1.9,0.361,0.2,0.8,0.2,0.5,1.1,0.476,0.403,0.4,0.5,0.8,0.5,0.9,1.4,0.4,0.2,0.1,0.4,0.9,1.9,,brissos01
485,Vic Law,24,ORL,PF,8,0,7.8,0.8,2.3,0.333,0.1,0.9,0.143,0.6,1.4,0.455,0.361,0.3,0.8,0.333,0.3,1.1,1.4,0.4,0.3,0,0.3,0.8,1.9,,lawvi01
486,Vincent Poirier,26,BOS,C,22,0,5.9,0.8,1.6,0.472,0,0.1,0.5,0.7,1.5,0.471,0.486,0.3,0.3,0.857,0.6,1.4,2,0.4,0.1,0.4,0.4,1.1,1.9,,poirivi01
487,Tyler Cook,22,2TM,PF,13,0,4.2,0.6,0.9,0.667,0,0,,0.6,0.9,0.667,0.667,0.5,0.6,0.875,0.5,0.6,1.1,0.1,0.2,0,0.2,0.4,1.8,,cookty01
487,Tyler Cook,22,CLE,PF,11,0,3.2,0.6,0.9,0.7,0,0,,0.6,0.9,0.7,0.7,0.5,0.5,0.833,0.4,0.5,0.9,0.1,0.1,0,0.1,0.4,1.7,,cookty01
487,Tyler Cook,22,DEN,SF,2,0,9.5,0.5,1,0.5,0,0,,0.5,1,0.5,0.5,1,1,1,1,1,2,0,1,0,1,0.5,2,,cookty01
488,Ed Davis,30,UTA,C,28,1,10.8,0.8,1.6,0.478,0,0,,0.8,1.6,0.478,0.478,0.3,0.5,0.5,1.3,2.5,3.8,0.4,0.4,0.3,0.5,2.2,1.8,,davised01
489,Devon Hall,24,OKC,PG,11,0,7.4,0.5,2.7,0.2,0.4,1.5,0.235,0.2,1.2,0.154,0.267,0.4,0.7,0.5,0.2,0.5,0.6,1.2,0.4,0.1,0.5,0.5,1.8,,hallde01
490,Justin Patton,22,OKC,C,5,0,4.8,0.8,2,0.4,0.2,0.8,0.25,0.6,1.2,0.5,0.45,0,0,,0.2,0.8,1,0.4,0,0,0.4,0.8,1.8,,pattoju01
491,Kevin Hervey,23,OKC,PF,10,0,5.2,0.7,2.7,0.259,0.3,2,0.15,0.4,0.7,0.571,0.315,0,0,,0.1,1.1,1.2,0.5,0.1,0.1,0,0.4,1.7,,herveke01
492,Luc Mbah a Moute,33,HOU,PF,3,0,8.3,0.7,1.7,0.4,0,0.7,0,0.7,1,0.667,0.4,0.3,0.7,0.5,0.3,0.3,0.7,0,0.7,0,0.3,0,1.7,,mbahalu01
493,Juwan Morgan,22,UTA,PF,21,0,6.4,0.7,1.2,0.577,0.1,0.4,0.375,0.6,0.9,0.667,0.635,0.1,0.2,0.75,0.5,0.9,1.4,0.3,0,0.1,0.3,0.9,1.7,,morgaju01
494,Chasson Randle,26,GSW,PG,3,0,13.3,0,1.3,0,0,0.7,0,0,0.7,0,0,1.7,2,0.833,0,0.7,0.7,1.7,0.7,0,0,1,1.7,,randlch01
495,Dean Wade,23,CLE,PF,12,0,5.9,0.8,1.1,0.692,0.2,0.3,0.5,0.6,0.8,0.778,0.769,0,0.1,0,0.3,1.3,1.6,0.2,0.2,0.3,0.3,0.7,1.7,,wadede01
496,Jared Dudley,34,LAL,PF,45,1,8.1,0.5,1.3,0.4,0.4,0.9,0.429,0.1,0.4,0.333,0.55,0,0,1,0.1,1,1.2,0.6,0.3,0.1,0.2,0.9,1.5,,dudleja01
497,Josh Magette,30,ORL,PG,8,0,4.8,0.6,1.9,0.333,0.1,0.5,0.25,0.5,1.4,0.364,0.367,0.1,0.3,0.5,0.1,0.6,0.8,0.6,0.4,0.1,0.6,0.5,1.5,,magetjo01
498,Jonah Bolden,24,2TM,C,7,0,6.7,0.6,1.6,0.364,0,0.6,0,0.6,1,0.571,0.364,0.3,0.6,0.5,0.4,0.9,1.3,0,0.4,0.3,0.3,1.4,1.4,,boldejo01
498,Jonah Bolden,24,PHI,C,4,0,3.5,0.5,0.8,0.667,0,0.3,0,0.5,0.5,1,0.667,0,0.5,0,0,0.3,0.3,0,0.3,0,0.5,1,1,,boldejo01
498,Jonah Bolden,24,PHO,C,3,0,11,0.7,2.7,0.25,0,1,0,0.7,1.7,0.4,0.25,0.7,0.7,1,1,1.7,2.7,0,0.7,0.7,0,2,2,,boldejo01
499,Kostas Antetokounmpo,22,LAL,PF,5,0,4,0.6,0.6,1,0,0,,0.6,0.6,1,1,0.2,0.4,0.5,0.4,0.2,0.6,0.4,0,0,0.2,0.4,1.4,,antetko01
500,KZ Okpala,20,MIA,PF,5,0,5.2,0.6,1,0.6,0,0.2,0,0.6,0.8,0.75,0.6,0.2,0.4,0.5,0.2,0.8,1,0.2,0.4,0.2,0.2,0.4,1.4,,okpalkz01
501,Justin Robinson,22,WAS,PG,9,0,5.4,0.6,1.3,0.417,0.3,0.6,0.6,0.2,0.8,0.286,0.542,0,0,,0.1,0.4,0.6,0.8,0,0.1,0.3,0.2,1.4,,robinju01
502,Nigel Williams-Goss,25,UTA,PG,10,0,5,0.5,1.6,0.313,0.2,0.7,0.286,0.3,0.9,0.333,0.375,0.2,0.2,1,0.2,0.4,0.6,0.6,0.3,0.1,0.3,0.6,1.4,,willini01
503,Tyson Chandler,37,HOU,C,26,5,8.4,0.5,0.7,0.778,0,0,,0.5,0.7,0.778,0.778,0.2,0.5,0.462,1,1.6,2.5,0.2,0.2,0.3,0.3,1.2,1.3,,chandty01
504,Kyle Guy,22,SAC,SG,3,0,3.3,0.7,1.7,0.4,0,1,0,0.7,0.7,1,0.4,0,0,,0,0.3,0.3,0.3,0,0,0,0.3,1.3,,guyky01
505,Malcolm Miller,26,TOR,SF,28,1,5.8,0.4,1,0.414,0.3,0.8,0.364,0.1,0.3,0.571,0.552,0.1,0.3,0.375,0.1,0.5,0.6,0.4,0.2,0.1,0.1,0.6,1.3,,millema01
506,Tariq Owens,24,PHO,PF,3,0,5,0.3,1.7,0.2,0,0.7,0,0.3,1,0.333,0.2,0.7,0.7,1,0.7,0.3,1,0,0.3,0,0,0.3,1.3,,owensta01
507,Jordan Bone,22,DET,PG,10,0,5.3,0.5,2,0.25,0.2,1,0.2,0.3,1,0.3,0.3,0,0,,0,0.4,0.4,0.8,0.1,0,0.2,0.6,1.2,,bonejo01
508,Moses Brown,20,POR,C,9,0,3.7,0.4,1.1,0.4,0,0,,0.4,1.1,0.4,0.4,0.3,0.9,0.375,0.3,1.2,1.6,0.1,0.1,0.1,0.3,0.8,1.2,,brownmo01
509,Vlatko Čančar,22,DEN,PF,14,0,3.2,0.4,1.1,0.4,0.1,0.4,0.167,0.4,0.6,0.556,0.433,0.3,0.3,1,0.4,0.4,0.7,0.2,0.1,0.1,0.2,0.5,1.2,,cancavl01
510,Zhaire Smith,20,PHI,SF,7,0,4.6,0.4,1.6,0.273,0,0.4,0,0.4,1.1,0.375,0.273,0.3,0.6,0.5,0,0.3,0.3,0.3,0.4,0,0.3,0.6,1.1,,smithzh01
511,Jarred Vanderbilt,20,2TM,PF,11,0,4.2,0.5,0.7,0.625,0,0.1,0,0.5,0.6,0.714,0.625,0.2,0.2,1,0.3,0.5,0.8,0.2,0.3,0.1,0.6,0.5,1.1,,vandeja01
511,Jarred Vanderbilt,20,DEN,PF,9,0,4.6,0.6,0.8,0.714,0,0,,0.6,0.8,0.714,0.714,0,0,,0.3,0.6,0.9,0.2,0.3,0.1,0.8,0.7,1.1,,vandeja01
511,Jarred Vanderbilt,20,MIN,PF,2,0,2.5,0,0.5,0,0,0.5,0,0,0,,0,1,1,1,0,0.5,0.5,0,0,0,0,0,1,,vandeja01
512,Quinndary Weatherspoon,23,SAS,SG,11,0,7.1,0.5,1.5,0.294,0.1,0.5,0.2,0.4,1.1,0.333,0.324,0.1,0.2,0.5,0.1,0.5,0.6,1,0.3,0.1,0.5,0.7,1.1,,weathqu01
513,Kyle Alexander,23,MIA,C,2,0,6.5,0.5,1,0.5,0,0,,0.5,1,0.5,0.5,0,0,,1,0.5,1.5,0,0,0,0.5,0.5,1,,alexaky01
514,Brian Bowen,21,IND,SF,6,1,5.2,0.5,1.7,0.3,0,0.3,0,0.5,1.3,0.375,0.3,0,0,,0.2,1,1.2,0,0,0.2,0.2,0.5,1,,bowenbr02
515,Corey Brewer,33,SAC,PF,5,0,6.6,0.4,0.8,0.5,0,0.2,0,0.4,0.6,0.667,0.5,0.2,0.6,0.333,0.4,1.2,1.6,0.4,0.8,0,0.4,1.4,1,,breweco01
516,Antonius Cleveland,25,DAL,SG,11,0,4.2,0.4,1.3,0.286,0,0.3,0,0.4,1,0.364,0.286,0.3,0.5,0.6,0.2,0.5,0.6,0.1,0.1,0.3,0.2,0.7,1,,clevean01
517,Josh Gray,26,NOP,PG,2,0,11.5,0.5,1,0.5,0,0,,0.5,1,0.5,0.5,0,0,,0.5,0.5,1,1,0,0,2.5,0.5,1,,grayjo01
518,Tyler Zeller,30,SAS,C,2,0,2,0.5,2,0.25,0,0,,0.5,2,0.25,0.25,0,0,,1.5,0.5,2,0,0,0,0,0,1,,zellety01
519,Amile Jefferson,26,ORL,PF,18,0,4.1,0.3,0.8,0.357,0,0,,0.3,0.8,0.357,0.357,0.3,0.8,0.357,0.6,0.7,1.3,0.2,0.1,0.2,0.2,0.4,0.8,,jeffeam01
520,Daryl Macon,24,MIA,PG,4,0,3.5,0.3,0.8,0.333,0.3,0.5,0.5,0,0.3,0,0.5,0,0,,0,0,0,0.3,0,0,0.5,0.3,0.8,,maconda01
521,Jared Harper,22,PHO,PG,3,0,2.7,0.3,1.3,0.25,0,0.7,0,0.3,0.7,0.5,0.25,0,0,,0,0,0,0,0,0,0,0,0.7,,harpeja01
522,Joe Chealey,24,CHO,PG,4,0,8.3,0,1.8,0,0,1,0,0,0.8,0,0,0.5,0.5,1,0,0,0,0.3,1,0,0.5,0.5,0.5,,chealjo01
523,Matt Mooney,22,CLE,SG,4,0,4.8,0.3,1,0.25,0,0.5,0,0.3,0.5,0.5,0.25,0,0,,0,0.8,0.8,0.3,0.5,0.3,0,0.3,0.5,,moonema01
524,Henry Ellenson,23,BRK,C,5,0,3,0.2,1.4,0.143,0,0.8,0,0.2,0.6,0.333,0.143,0,0,,0.4,0.8,1.2,0.2,0,0,0,0.2,0.4,,ellenhe01
525,Marques Bolden,21,CLE,C,1,0,3,0,0,,0,0,,0,0,,,0,0,,0,2,2,0,1,0,0,1,0,,boldema01
526,William Howard,26,HOU,PF,2,0,6.5,0,2,0,0,2,0,0,0,,0,0,0,,0,1,1,0.5,0,0,0.5,0.5,0,,howarwi01
527,Stanton Kidd,27,UTA,SG,4,0,3.8,0,0.8,0,0,0.3,0,0,0.5,0,0,0,0,,0,0.8,0.8,0.3,0,0,0.5,0.8,0,,kiddst01
528,J.P. Macura,24,CLE,SG,1,0,1,0,0,,0,0,,0,0,,,0,0,,0,0,0,0,0,0,0,0,0,,macurjp01
529,Isaiah Roby,21,OKC,PF,3,0,3.7,0,0.3,0,0,0,,0,0.3,0,0,0,0,,0,0.7,0.7,0,0,0,0.3,0.3,0,,robyis01
